,country,industry,1995,1996,1997,1998,1999,2000,2001,2002,2003,2004,2005,2006,2007,2008,2009,2010,2011,2012,2013,2014,2015,2016,2017,2018,2019,2020,2021,2022
8,ALBANIA,Accommodation services for visitors (hotels and similar establishments),0.0,0.0,0.0,0.0,0.0,0.0,0.0,0.0,0.0,8.0,8.5,9.6,10.5,9.2,10.6,11.9,13.3,14.7,18.0,19.4,21.8,30.0,33.4,35.6,40.7,32.6,32.863850208171,0.0
11,ALBANIA,Passenger transportation,0.0,0.0,0.0,0.0,0.0,0.0,0.0,0.0,0.0,4.4,4.4,4.3,4.9,5.3,5.1,5.9,5.1,5.9,6.4,6.2,6.2,7.7,8.3,9.2,8.7,8.1,8.53131121547744,0.0
12,ALBANIA,Travel agencies and other reservation services activities,0.0,0.0,0.0,0.0,0.0,0.0,0.0,0.0,0.0,2.6,2.7,2.8,3.0,3.0,3.0,4.2,4.3,0.8,0.9,1.1,1.0,1.5,1.9,1.9,2.6,1.7,2.14269101650919,0.0
36,ANGOLA,Accommodation services for visitors (hotels and similar establishments),0.0,0.0,0.0,0.0,0.0,0.0,0.0,0.0,0.0,0.0,0.0,0.0,33.462,46.242,70.41,72.594,72.084,78.7,84.141,88.979,92.3,93.0,94.0,161.0,107.2,102.0,90.0,92.0
38,ANGOLA,Food and beverage serving activities,0.0,0.0,0.0,0.0,0.0,0.0,0.0,0.0,0.0,0.0,0.0,0.0,35.732,48.555,54.313,55.927,61.292,65.719,74.844,98.476,104.0,105.0,106.0,169.0,55.4,76.0,91.0,96.0
40,ANGOLA,Travel agencies and other reservation services activities,0.0,0.0,0.0,0.0,0.0,0.0,0.0,0.0,0.0,0.0,0.0,0.0,2.955,7.929,9.918,10.346,12.188,13.535,14.493,15.311,23.0,23.0,23.0,24.9,52.9,3.0,2.0,4.0
57,ARGENTINA,Accommodation services for visitors (hotels and similar establishments),0.0,0.0,0.0,0.0,0.0,0.0,0.0,0.0,0.0,0.0,0.0,0.0,0.0,0.0,0.0,96.9,90.3,95.5,82.5,79.6,0.0,89.04982074304836,88.9945105422707,88.47708224837089,92.2066770248318,0.0,0.0,0.0
59,ARGENTINA,Food and beverage serving activities,0.0,0.0,0.0,0.0,0.0,0.0,0.0,0.0,0.0,0.0,0.0,0.0,0.0,0.0,0.0,460.7,452.7,461.4,495.1,475.8,0.0,485.4625953222932,505.3788183446574,518.0782031435499,509.42107314489687,0.0,0.0,0.0
60,ARGENTINA,Passenger transportation,0.0,0.0,0.0,0.0,0.0,0.0,0.0,0.0,0.0,0.0,0.0,0.0,0.0,0.0,0.0,209.7,210.9,217.6,233.0,217.7,0.0,204.98663973523637,206.82929067736583,195.68768681758343,185.64334914128102,0.0,0.0,0.0
61,ARGENTINA,Travel agencies and other reservation services activities,0.0,0.0,0.0,0.0,0.0,0.0,0.0,0.0,0.0,0.0,0.0,0.0,0.0,0.0,0.0,0.0,0.0,0.0,0.0,0.0,0.0,29.518370706189334,30.484614604998942,31.127651443136187,29.909372589544095,0.0,0.0,0.0
62,ARGENTINA,Other tourism industries,0.0,0.0,0.0,0.0,0.0,0.0,0.0,0.0,0.0,0.0,0.0,0.0,0.0,0.0,0.0,227.3,236.0,228.0,251.1,240.8,0.0,437.187068985844,442.1912801837862,437.78684426707156,442.440433735578,0.0,0.0,0.0
78,AUSTRALIA,Accommodation services for visitors (hotels and similar establishments),0.0,0.0,0.0,0.0,0.0,0.0,0.0,0.0,0.0,0.0,93.6,83.5,86.8,85.9,82.0,85.4,87.7,92.0,95.0,92.7,89.2,92.9,91.7,91.9,85.3,88.2,54.4,72.8
80,AUSTRALIA,Food and beverage serving activities,0.0,0.0,0.0,0.0,0.0,0.0,0.0,0.0,0.0,0.0,168.5,168.10000000000002,173.10000000000002,172.4,180.5,189.5,186.1,192.0,204.2,203.6,221.89999999999998,235.7,241.9,265.5,269.1,230.7,189.4,214.6
81,AUSTRALIA,Passenger transportation,0.0,0.0,0.0,0.0,0.0,0.0,0.0,0.0,0.0,0.0,43.5,45.5,43.5,44.4,43.800000000000004,44.099999999999994,44.1,45.8,48.7,47.6,46.9,48.400000000000006,49.0,51.5,54.3,50.2,33.6,39.6
82,AUSTRALIA,Travel agencies and other reservation services activities,0.0,0.0,0.0,0.0,0.0,0.0,0.0,0.0,0.0,0.0,26.2,27.1,29.2,30.7,28.0,29.4,32.4,34.2,36.0,36.1,35.1,34.7,33.2,35.4,35.3,28.7,21.5,30.7
83,AUSTRALIA,Other tourism industries,0.0,0.0,0.0,0.0,0.0,0.0,0.0,0.0,0.0,0.0,190.0,192.89999999999998,194.69999999999993,195.3,196.80000000000007,197.89999999999992,202.80000000000007,200.89999999999998,202.30000000000007,209.7000000000001,218.60000000000002,224.8,233.80000000000007,245.30000000000013,257.1,206.0,113.69999999999999,143.70000000000005
85,AUSTRIA,Accommodation services for visitors (hotels and similar establishments),0.0,0.0,0.0,0.0,0.0,0.0,0.0,0.0,57.9,58.4,59.1,0.0,60.5,61.2,56.6,58.7,58.4,61.6,63.8,0.0,0.0,0.0,0.0,130.6,134.7,94.8,79.6,0.0
87,AUSTRIA,Food and beverage serving activities,0.0,0.0,0.0,0.0,0.0,0.0,0.0,0.0,71.8,74.1,76.7,0.0,79.6,88.7,82.9,87.1,88.3,95.3,99.1,0.0,0.0,0.0,0.0,0.0,0.0,0.0,0.0,0.0
88,AUSTRIA,Passenger transportation,0.0,0.0,0.0,0.0,0.0,0.0,0.0,0.0,38.4,35.0,29.0,0.0,31.6,47.1,53.8,52.8,54.7,53.4,54.1,0.0,0.0,0.0,0.0,34.6,35.8,11.7,9.0,0.0
89,AUSTRIA,Travel agencies and other reservation services activities,0.0,0.0,0.0,0.0,0.0,0.0,0.0,0.0,26.2,26.5,29.4,0.0,29.9,30.3,30.5,30.2,30.6,31.6,32.8,0.0,0.0,0.0,0.0,11.5,11.9,9.9,8.1,0.0
90,AUSTRIA,Other tourism industries,0.0,0.0,0.0,0.0,0.0,0.0,0.0,0.0,12.1,12.4,13.5,0.0,13.0,17.9,19.5,24.1,22.0,20.1,20.7,0.0,0.0,0.0,0.0,22.9,23.5,12.2,11.1,0.0
92,AZERBAIJAN,Accommodation services for visitors (hotels and similar establishments),0.0,0.0,0.0,0.0,0.0,0.0,0.0,0.0,0.0,0.0,4.092,4.338,4.739,5.616,5.937,6.021,6.198,7.321,8.259,9.0,8.364,9.838,10.015,11.4,12.5,10.7,11.1,12.3
96,AZERBAIJAN,Travel agencies and other reservation services activities,0.0,0.0,0.0,0.0,0.0,0.0,0.0,0.0,0.0,0.0,0.646,0.779,1.115,1.174,1.393,1.418,1.541,1.73,1.729,1.8,1.586,1.838,1.891,2.074,2.2,1.464,1.0,1.27
97,AZERBAIJAN,Other tourism industries,0.0,0.0,0.0,0.0,0.0,0.0,0.0,0.0,0.0,0.0,0.0,0.0,0.0,0.0,0.0,29.4,29.9,29.8,30.8,31.0,39.499,31.801,34.931,40.1,44.8,36.8,41.6,49.5
106,BAHRAIN,Accommodation services for visitors (hotels and similar establishments),0.0,0.0,0.0,0.0,0.0,0.0,0.0,0.0,0.0,0.0,0.0,0.0,0.0,0.0,0.0,0.0,0.0,11.0,13.0,14.0,15.0,15.0,12.0,15.0,14.0,8.0,10.0,14.0
108,BAHRAIN,Food and beverage serving activities,0.0,0.0,0.0,0.0,0.0,0.0,0.0,0.0,0.0,0.0,0.0,0.0,0.0,0.0,0.0,0.0,0.0,2.0,2.0,2.0,3.0,2.0,40.0,47.0,51.0,45.0,46.0,76.0
109,BAHRAIN,Passenger transportation,0.0,0.0,0.0,0.0,0.0,0.0,0.0,0.0,0.0,0.0,0.0,0.0,0.0,0.0,0.0,0.0,0.0,1.0,1.0,1.0,1.0,0.0,4.0,4.0,5.0,4.0,7.0,4.0
110,BAHRAIN,Travel agencies and other reservation services activities,0.0,0.0,0.0,0.0,0.0,0.0,0.0,0.0,0.0,0.0,0.0,0.0,0.0,0.0,0.0,0.0,0.0,2.0,2.0,3.0,3.0,2.0,4.0,4.0,2.0,2.0,2.0,2.0
111,BAHRAIN,Other tourism industries,0.0,0.0,0.0,0.0,0.0,0.0,0.0,0.0,0.0,0.0,0.0,0.0,0.0,0.0,0.0,0.0,0.0,2.0,1.0,1.0,1.0,1.0,4.0,3.0,4.0,9.0,6.0,7.0
127,BELARUS,Accommodation services for visitors (hotels and similar establishments),0.0,0.0,0.0,3.1,3.4,7.0,7.1,6.5,6.6,6.7,6.7,7.0,7.4,7.5,8.1,0.0,0.0,0.0,0.0,0.0,0.0,0.0,0.0,0.0,0.0,0.0,0.0,0.0
128,BELARUS,Other accommodation services,0.0,0.0,0.0,20.9,21.6,22.7,23.8,23.9,23.6,23.6,20.2,16.6,16.4,16.5,16.5,0.0,0.0,0.0,0.0,0.0,0.0,0.0,0.0,0.0,0.0,0.0,0.0,0.0
131,BELARUS,Travel agencies and other reservation services activities,0.0,0.0,0.0,3.1,3.4,3.2,2.8,2.6,2.3,2.3,4.1,9.2,10.3,3.5,3.7,0.0,0.0,0.0,0.0,0.0,0.0,0.0,0.0,0.0,0.0,0.0,0.0,0.0
134,BELGIUM,Accommodation services for visitors (hotels and similar establishments),0.0,0.0,0.0,0.0,0.0,0.0,0.0,0.0,0.0,0.0,0.0,0.0,0.0,0.0,15.513,15.737,0.0,0.0,0.0,0.0,0.0,0.0,0.0,0.0,0.0,0.0,0.0,0.0
135,BELGIUM,Other accommodation services,0.0,0.0,0.0,0.0,0.0,0.0,0.0,0.0,0.0,0.0,0.0,0.0,0.0,0.0,4.613,4.642,0.0,0.0,0.0,0.0,0.0,0.0,0.0,0.0,0.0,0.0,0.0,0.0
136,BELGIUM,Food and beverage serving activities,0.0,0.0,0.0,0.0,0.0,0.0,0.0,0.0,0.0,0.0,0.0,0.0,0.0,0.0,69.744,69.84,0.0,0.0,0.0,0.0,0.0,0.0,0.0,0.0,0.0,0.0,0.0,0.0
137,BELGIUM,Passenger transportation,0.0,0.0,0.0,0.0,0.0,0.0,0.0,0.0,0.0,0.0,0.0,0.0,0.0,0.0,38.109,39.144,0.0,0.0,0.0,0.0,0.0,0.0,0.0,0.0,0.0,0.0,0.0,0.0
138,BELGIUM,Travel agencies and other reservation services activities,0.0,0.0,0.0,0.0,0.0,0.0,0.0,0.0,0.0,0.0,0.0,0.0,0.0,0.0,6.916,6.721,0.0,0.0,0.0,0.0,0.0,0.0,0.0,0.0,0.0,0.0,0.0,0.0
139,BELGIUM,Other tourism industries,0.0,0.0,0.0,0.0,0.0,0.0,0.0,0.0,0.0,0.0,0.0,0.0,0.0,0.0,3.055,2.934,0.0,0.0,0.0,0.0,0.0,0.0,0.0,0.0,0.0,0.0,0.0,0.0
141,BELIZE,Accommodation services for visitors (hotels and similar establishments),0.0,0.0,0.0,0.0,0.0,0.0,0.0,0.0,0.0,0.0,0.0,6.2,6.6,6.7,6.3,5.9,5.9,6.5,7.3,12.5,8.792,9.414,9.859,9.946,9.947,7.885,7.9,0.0
142,BELIZE,Other accommodation services,0.0,0.0,0.0,0.0,0.0,0.0,0.0,0.0,0.0,0.0,0.0,0.0,0.0,0.0,0.0,0.0,0.0,0.0,0.0,0.0,0.0,0.0,0.0,0.0,0.0,0.0,0.0,0.0
143,BELIZE,Food and beverage serving activities,0.0,0.0,0.0,0.0,0.0,0.0,0.0,0.0,0.0,0.0,0.0,0.0,0.0,0.0,0.0,0.0,0.0,0.0,0.0,0.0,5.115,5.655,6.27,6.901,7.24,5.266,5.0,0.0
144,BELIZE,Passenger transportation,0.0,0.0,0.0,0.0,0.0,0.0,0.0,0.0,0.0,0.0,0.0,0.0,0.0,0.0,0.0,0.0,0.0,0.6,1.0,1.8,1.819,1.827,1.845,1.867,1.853,1.038,0.1,0.0
145,BELIZE,Travel agencies and other reservation services activities,0.0,0.0,0.0,0.0,0.0,0.0,0.0,0.0,0.0,0.0,0.0,0.0,0.0,0.0,0.0,0.0,0.0,0.8,0.8,2.6,1.5,1.901,2.085,2.221,2.428,2.045,1.7,0.0
146,BELIZE,Other tourism industries,0.0,0.0,0.0,0.0,0.0,0.0,0.0,0.0,0.0,0.0,0.0,0.0,0.0,0.0,0.0,0.0,0.0,7.6,9.8,2.3,2.39,2.073,2.031,2.088,2.077,0.942,1.0,0.0
183,BOSNIA AND HERZEGOVINA,Accommodation services for visitors (hotels and similar establishments),0.0,0.0,0.0,0.0,0.0,0.0,0.0,0.0,0.0,0.0,0.0,0.0,0.0,0.0,0.0,0.0,5.3,5.3,5.3,5.4,5.3,5.9,6.9,7.4,7.8,6.5,6.241,6.977
185,BOSNIA AND HERZEGOVINA,Food and beverage serving activities,0.0,0.0,0.0,0.0,0.0,0.0,0.0,0.0,0.0,0.0,0.0,0.0,0.0,0.0,0.0,0.0,15.3,14.3,15.8,18.1,18.6,29.2,31.5,32.9,34.1,32.1,31.798,32.933
187,BOSNIA AND HERZEGOVINA,Travel agencies and other reservation services activities,0.0,0.0,0.0,0.0,0.0,0.0,0.0,0.0,0.0,0.0,0.0,0.0,0.0,0.0,0.0,0.0,7.0,7.0,0.7,0.7,0.7,0.8,1.0,1.1,1.2,1.0,0.842,0.738
197,BRAZIL,Accommodation services for visitors (hotels and similar establishments),0.0,0.0,0.0,0.0,0.0,0.0,0.0,0.0,0.0,0.0,243.4,259.0,264.5,268.7,276.0,288.9,298.1,301.9,318.8,340.2,340.4,318.5,312.628,316.682,318.6,0.0,0.0,0.0
199,BRAZIL,Food and beverage serving activities,0.0,0.0,0.0,0.0,0.0,0.0,0.0,0.0,0.0,0.0,782.0,844.8,917.4,996.0,1044.4,1086.4,1111.0,1119.0,1009.7,1085.9,1132.5,1201.0,1216.988,1267.526,1275.2,0.0,0.0,0.0
200,BRAZIL,Passenger transportation,0.0,0.0,0.0,0.0,0.0,0.0,0.0,0.0,0.0,0.0,504.5,471.6,465.4,448.2,429.7,449.3,470.2,468.9,443.4,447.3,433.7,436.8,423.108,414.175,420.9,0.0,0.0,0.0
201,BRAZIL,Travel agencies and other reservation services activities,0.0,0.0,0.0,0.0,0.0,0.0,0.0,0.0,0.0,0.0,82.6,87.4,82.4,90.0,86.5,96.0,102.6,102.0,98.3,96.3,90.6,91.3,91.37,94.771,92.9,0.0,0.0,0.0
202,BRAZIL,Other tourism industries,0.0,0.0,0.0,0.0,0.0,0.0,0.0,0.0,0.0,0.0,79.0,73.1,71.3,70.2,72.0,74.8,70.7,67.9,68.7,75.4,77.7,81.9,83.947,89.788,84.6,0.0,0.0,0.0
211,BRUNEI DARUSSALAM,Accommodation services for visitors (hotels and similar establishments),0.0,0.0,0.0,0.0,0.0,0.0,0.0,0.0,0.0,0.0,0.0,0.0,0.0,0.0,0.0,0.0,0.0,0.0,1.9,2.0,2.1,2.2,2.244,2.203,2.291,2.121,2.243,0.0
215,BRUNEI DARUSSALAM,Travel agencies and other reservation services activities,0.0,0.0,0.0,0.0,0.0,0.0,0.0,0.0,0.0,0.0,0.0,0.0,0.0,0.0,0.0,0.0,0.0,0.0,0.6,0.7,0.7,0.7,0.822,0.834,0.928,0.911,0.867,0.0
225,BURKINA FASO,Accommodation services for visitors (hotels and similar establishments),0.0,0.0,0.0,0.0,0.0,0.0,0.0,0.0,0.0,0.0,0.0,0.0,2.9,0.0,0.0,0.0,0.0,0.0,0.0,0.0,0.0,0.0,0.0,0.0,0.0,0.0,0.0,0.0
253,CAMEROON,Accommodation services for visitors (hotels and similar establishments),0.0,0.0,0.0,0.0,0.0,0.0,0.0,0.0,0.0,0.0,0.0,0.0,0.0,6.5,7.0,7.8,8.2,8.5,0.0,0.0,0.0,0.0,0.0,0.0,0.0,0.0,0.0,0.0
254,CAMEROON,Other accommodation services,0.0,0.0,0.0,0.0,0.0,0.0,0.0,0.0,0.0,0.0,0.0,0.0,0.0,1.8,1.5,1.8,1.2,1.2,0.0,0.0,0.0,0.0,0.0,0.0,0.0,0.0,0.0,0.0
255,CAMEROON,Food and beverage serving activities,0.0,0.0,0.0,0.0,0.0,0.0,0.0,0.0,0.0,0.0,0.0,0.0,0.0,12.5,13.0,16.0,16.0,17.0,0.0,0.0,0.0,0.0,0.0,0.0,0.0,0.0,0.0,0.0
257,CAMEROON,Travel agencies and other reservation services activities,0.0,0.0,0.0,0.0,0.0,0.0,0.0,0.0,0.0,0.0,0.0,0.0,0.0,1.2,1.5,1.5,1.6,1.7,0.0,0.0,0.0,0.0,0.0,0.0,0.0,0.0,0.0,0.0
288,CHILE,Accommodation services for visitors (hotels and similar establishments),0.0,0.0,0.0,0.0,0.0,0.0,0.0,0.0,0.0,0.0,20.7,21.2,26.1,29.0,29.6,28.4,31.0,44.4,43.8,43.0,45.0,44.9,44.5,0.0,0.0,0.0,0.0,0.0
289,CHILE,Other accommodation services,0.0,0.0,0.0,0.0,0.0,0.0,0.0,0.0,0.0,0.0,1.6,1.7,2.7,3.0,3.4,6.0,7.4,8.8,9.0,12.2,12.8,13.6,13.9,0.0,0.0,0.0,0.0,0.0
290,CHILE,Food and beverage serving activities,0.0,0.0,0.0,0.0,0.0,0.0,0.0,0.0,0.0,0.0,94.8,96.5,89.4,91.9,106.5,99.1,102.6,122.1,128.1,127.8,135.2,146.2,150.4,0.0,0.0,0.0,0.0,0.0
291,CHILE,Passenger transportation,0.0,0.0,0.0,0.0,0.0,0.0,0.0,0.0,0.0,0.0,29.7,30.8,44.6,48.3,42.7,43.9,47.5,65.7,65.9,65.5,64.0,65.5,68.0,107.2,104.1,87.2,92.5,100.3
292,CHILE,Travel agencies and other reservation services activities,0.0,0.0,0.0,0.0,0.0,0.0,0.0,0.0,0.0,0.0,4.7,4.9,5.8,6.1,5.5,5.7,5.8,7.6,7.6,8.1,8.4,9.0,9.5,0.0,0.0,0.0,0.0,0.0
293,CHILE,Other tourism industries,0.0,0.0,0.0,0.0,0.0,0.0,0.0,0.0,0.0,0.0,54.3,63.9,58.3,70.6,84.8,83.9,92.5,133.8,136.1,138.8,142.9,154.3,164.2,529.2,541.7,369.3,411.5,487.4
309,COMOROS,Accommodation services for visitors (hotels and similar establishments),0.0,0.0,0.0,0.0,0.0,0.0,0.0,0.0,0.0,0.0,0.0,0.0,0.0,0.0,0.0,0.0,0.0,0.0,0.0,0.0,0.0,0.0,0.0,0.0,1.0,0.2,0.6,0.0
311,COMOROS,Food and beverage serving activities,0.0,0.0,0.0,0.0,0.0,0.0,0.0,0.0,0.0,0.0,0.0,0.0,0.0,0.0,0.0,0.0,0.0,0.0,0.0,0.0,0.0,0.0,0.0,0.0,0.5,0.5,0.7,0.0
313,COMOROS,Travel agencies and other reservation services activities,0.0,0.0,0.0,0.0,0.0,0.0,0.0,0.0,0.0,0.0,0.0,0.0,0.0,0.0,0.0,0.0,0.0,0.0,0.0,0.0,0.0,0.0,0.0,0.0,0.5,0.3,0.4,0.0
316,CONGO,Accommodation services for visitors (hotels and similar establishments),0.0,0.0,0.0,0.0,0.0,0.0,0.0,0.0,0.0,0.0,0.0,0.0,0.0,0.0,0.0,0.0,0.0,0.0,6.504,8.6,9.4,8.9,6.7,4.4,0.0,0.0,0.0,0.0
318,CONGO,Food and beverage serving activities,0.0,0.0,0.0,0.0,0.0,0.0,0.0,0.0,0.0,0.0,0.0,0.0,0.0,0.0,0.0,0.0,0.0,0.0,15.34,16.3,16.9,17.2,3.6,2.8,0.0,0.0,0.0,0.0
320,CONGO,Travel agencies and other reservation services activities,0.0,0.0,0.0,0.0,0.0,0.0,0.0,0.0,0.0,0.0,0.0,0.0,0.0,0.0,0.0,0.0,0.0,0.0,0.3,0.4,0.4,0.5,0.3,0.3,0.0,0.0,0.0,0.0
337,COSTA RICA,Accommodation services for visitors (hotels and similar establishments),0.0,0.0,0.0,0.0,0.0,0.0,0.0,0.0,0.0,0.0,0.0,0.0,0.0,0.0,0.0,0.0,0.0,0.0,25.8,26.4,30.1,30.1,28.7,27.6,31.7,17.9,24.293,29.6
339,COSTA RICA,Food and beverage serving activities,0.0,0.0,0.0,0.0,0.0,0.0,0.0,0.0,0.0,0.0,0.0,0.0,0.0,0.0,0.0,0.0,0.0,0.0,89.3,87.4,92.7,89.7,98.8,99.4,103.1,89.4,100.963,107.4
340,COSTA RICA,Passenger transportation,0.0,0.0,0.0,0.0,0.0,0.0,0.0,0.0,0.0,0.0,0.0,0.0,0.0,0.0,0.0,0.0,0.0,0.0,3.1,2.9,4.9,7.2,4.1,8.4,7.0,9.8,13.496,15.5
341,COSTA RICA,Travel agencies and other reservation services activities,0.0,0.0,0.0,0.0,0.0,0.0,0.0,0.0,0.0,0.0,0.0,0.0,0.0,0.0,0.0,0.0,0.0,0.0,6.5,7.9,6.3,5.2,5.9,6.2,5.0,3.0,0.0,0.0
342,COSTA RICA,Other tourism industries,0.0,0.0,0.0,0.0,0.0,0.0,0.0,0.0,0.0,0.0,0.0,0.0,0.0,0.0,0.0,0.0,0.0,0.0,25.8,23.3,22.6,20.2,17.8,19.4,24.1,7.4,11.732,16.7
344,COTE D´IVOIRE,Accommodation services for visitors (hotels and similar establishments),0.0,0.0,0.0,0.0,0.0,0.0,0.0,0.0,0.0,0.0,0.0,0.0,0.0,0.0,0.0,0.0,0.0,0.0,0.0,0.0,0.0,47.68,50.6,50.6,53.6,0.0,0.0,0.0
346,COTE D´IVOIRE,Food and beverage serving activities,0.0,0.0,0.0,0.0,0.0,0.0,0.0,0.0,0.0,0.0,0.0,0.0,0.0,0.0,0.0,0.0,0.0,0.0,0.0,0.0,0.0,60.8,64.4,64.4,67.6,0.0,0.0,0.0
348,COTE D´IVOIRE,Travel agencies and other reservation services activities,0.0,0.0,0.0,0.0,0.0,0.0,0.0,0.0,0.0,0.0,0.0,0.0,0.0,0.0,0.0,0.0,0.0,0.0,0.0,0.0,2.39,4.512,5.7,5.7,7.2,0.0,0.0,0.0
349,COTE D´IVOIRE,Other tourism industries,0.0,0.0,0.0,0.0,0.0,0.0,0.0,0.0,0.0,0.0,0.0,0.0,0.0,0.0,0.0,0.0,0.0,0.0,0.0,0.0,0.0,0.0,0.4,0.4,0.4,0.0,0.0,0.0
351,CROATIA,Accommodation services for visitors (hotels and similar establishments),0.0,0.0,0.0,0.0,0.0,0.0,0.0,0.0,0.0,0.0,0.0,29.3,30.6,31.7,30.1,29.6,30.3,31.0,30.9,32.2,31.5,35.7,38.8,41.8,44.3,35.1,36.2,42.8
353,CROATIA,Food and beverage serving activities,0.0,0.0,0.0,0.0,0.0,0.0,0.0,0.0,0.0,0.0,0.0,15.7,17.2,18.6,16.4,16.7,17.2,18.5,19.8,24.5,23.9,32.2,35.1,38.7,41.0,38.2,39.5,43.7
355,CROATIA,Travel agencies and other reservation services activities,0.0,0.0,0.0,0.0,0.0,0.0,0.0,0.0,0.0,0.0,0.0,4.5,5.0,5.2,5.2,5.1,5.2,5.4,5.2,5.8,5.9,5.5,5.6,6.1,6.3,5.2,4.5,4.9
372,CYPRUS,Accommodation services for visitors (hotels and similar establishments),0.0,0.0,0.0,0.0,0.0,0.0,0.0,0.0,14.16,13.75,13.74,13.91,14.23,16.5,15.023,16.132,16.819,16.8,16.3,17.0,17.1,18.5,19.9,0.0,0.0,0.0,0.0,0.0
373,CYPRUS,Other accommodation services,0.0,0.0,0.0,0.0,0.0,0.0,0.0,0.0,0.0,0.0,0.0,0.0,0.0,0.485,0.494,0.509,0.479,0.5,0.4,0.5,0.5,0.6,0.6,0.0,0.0,0.0,0.0,0.0
374,CYPRUS,Food and beverage serving activities,0.0,0.0,0.0,0.0,0.0,0.0,0.0,0.0,14.27,15.2,16.14,17.14,18.05,19.967,20.571,20.786,19.43,18.5,16.9,18.9,20.2,22.0,23.9,0.0,0.0,0.0,0.0,0.0
375,CYPRUS,Passenger transportation,0.0,0.0,0.0,0.0,0.0,0.0,0.0,0.0,9.28,9.64,10.33,10.23,10.07,0.0,0.0,0.0,0.0,0.0,0.0,0.0,0.0,0.0,0.0,0.0,0.0,0.0,0.0,0.0
376,CYPRUS,Travel agencies and other reservation services activities,0.0,0.0,0.0,0.0,0.0,0.0,0.0,0.0,2.43,2.58,2.67,2.57,2.62,2.413,2.015,2.013,2.054,1.9,1.5,1.5,1.6,1.8,1.8,0.0,0.0,0.0,0.0,0.0
377,CYPRUS,Other tourism industries,0.0,0.0,0.0,0.0,0.0,0.0,0.0,0.0,5.06,5.31,5.47,5.2,5.32,0.0,0.0,0.0,0.0,0.0,0.0,0.0,0.0,0.0,0.0,0.0,0.0,0.0,0.0,0.0
379,CZECH REPUBLIC (CZECHIA),Accommodation services for visitors (hotels and similar establishments),0.0,0.0,0.0,0.0,0.0,0.0,0.0,0.0,38.806,38.198,39.586,40.525,41.439370000000004,44.14761,42.305197245943766,38.23934,41.9,39.9,39.6,39.04153,41.0,41.9,42.2,42.7,42.2,43.13,33.0,0.0
381,CZECH REPUBLIC (CZECHIA),Food and beverage serving activities,0.0,0.0,0.0,0.0,0.0,0.0,0.0,0.0,64.399,66.362,67.073,63.784,65.98935,66.22333,67.80067881933006,71.12101390958432,69.7,69.8,69.10348478077282,65.65777827954854,66.2,67.9,71.3,71.43,69.7,68.69,62.1,0.0
382,CZECH REPUBLIC (CZECHIA),Passenger transportation,0.0,0.0,0.0,0.0,0.0,0.0,0.0,0.0,40.438,39.215,37.84,36.939,35.951261,37.124702,36.21934231872143,34.03782540552854,28.8,27.5,27.3,27.2,27.3,27.2,27.2,27.51,27.3,27.58,30.4,0.0
383,CZECH REPUBLIC (CZECHIA),Travel agencies and other reservation services activities,0.0,0.0,0.0,0.0,0.0,0.0,0.0,0.0,13.647,13.975,14.264,15.06,13.894,14.728,13.836072286452172,14.875,12.1,12.2,12.9,12.341,12.853,13.0,13.7,13.997,15.1,14.04,9.4,0.0
384,CZECH REPUBLIC (CZECHIA),Other tourism industries,0.0,0.0,0.0,0.0,0.0,0.0,0.0,0.0,76.218,75.121,74.941,75.166,78.75036279999999,79.01187715,79.33765917973702,77.29558443960993,80.1,80.2,79.81847539859578,80.76278156961,81.8,83.3,84.4,84.95,85.3,85.34,80.3,0.0
386,DENMARK,Accommodation services for visitors (hotels and similar establishments),0.0,0.0,0.0,0.0,0.0,0.0,0.0,0.0,0.0,0.0,0.0,17.884,18.779,15.7,14.1,14.1,14.0,14.5,14.7,16.073,16.683,16.92,17.48,17.729,18.3,13.1,18.2,20.0
387,DENMARK,Other accommodation services,0.0,0.0,0.0,0.0,0.0,0.0,0.0,0.0,0.0,0.0,0.0,7.652,8.441,7.6,6.6,6.6,6.1,6.1,6.1,6.978,7.147,7.448,7.606,7.98,8.0,6.5,8.3,8.7
388,DENMARK,Food and beverage serving activities,0.0,0.0,0.0,0.0,0.0,0.0,0.0,0.0,0.0,0.0,0.0,82.6,86.988,79.1,76.5,77.5,83.5,88.7,91.4,100.314,106.761,113.735,117.758,120.394,123.5,105.4,130.5,131.8
389,DENMARK,Passenger transportation,0.0,0.0,0.0,0.0,0.0,0.0,0.0,0.0,0.0,0.0,0.0,48.099,47.146,44.6,43.3,44.3,42.2,43.9,41.4,42.963,43.756,43.986,44.097,45.134,45.1,38.6,39.8,42.1
390,DENMARK,Travel agencies and other reservation services activities,0.0,0.0,0.0,0.0,0.0,0.0,0.0,0.0,0.0,0.0,0.0,6.613,7.142,5.9,5.2,5.2,5.2,5.3,5.3,5.603,5.621,5.91,6.207,6.125,6.3,4.0,4.0,4.9
393,DJIBOUTI,Accommodation services for visitors (hotels and similar establishments),0.0,0.0,0.0,0.0,0.0,0.0,0.0,0.0,0.0,0.0,0.0,0.0,0.0,0.0,0.0,0.0,0.0,0.0,0.0,0.0,0.0,0.0,0.0,0.0,0.0,0.0,0.905,0.971
394,DJIBOUTI,Other accommodation services,0.0,0.0,0.0,0.0,0.0,0.0,0.0,0.0,0.0,0.0,0.0,0.0,0.0,0.0,0.0,0.0,0.0,0.0,0.0,0.0,0.0,0.0,0.0,0.0,0.0,0.0,0.07,0.07
395,DJIBOUTI,Food and beverage serving activities,0.0,0.0,0.0,0.0,0.0,0.0,0.0,0.0,0.0,0.0,0.0,0.0,0.0,0.0,0.0,0.0,0.0,0.0,0.0,0.0,0.0,0.0,0.0,0.0,0.0,0.0,0.555,0.789
397,DJIBOUTI,Travel agencies and other reservation services activities,0.0,0.0,0.0,0.0,0.0,0.0,0.0,0.0,0.0,0.0,0.0,0.0,0.0,0.0,0.0,0.0,0.0,0.0,0.0,0.0,0.0,0.0,0.0,0.0,0.0,0.0,0.026,0.032
398,DJIBOUTI,Other tourism industries,0.0,0.0,0.0,0.0,0.0,0.0,0.0,0.0,0.0,0.0,0.0,0.0,0.0,0.0,0.0,0.0,0.0,0.0,0.0,0.0,0.0,0.0,0.0,0.0,0.0,0.0,0.095,0.03
407,DOMINICAN REPUBLIC,Accommodation services for visitors (hotels and similar establishments),0.0,0.0,0.0,0.0,0.0,0.0,0.0,0.0,0.0,0.0,49.2,53.8,54.4,55.9,56.1,55.8,55.7,57.5,61.8,62.2,71.7,88.7,92.1,95.7,95.4,52.4,95.3,100.1
409,DOMINICAN REPUBLIC,Food and beverage serving activities,0.0,0.0,0.0,0.0,0.0,0.0,0.0,0.0,0.0,0.0,0.0,0.0,0.0,0.0,0.0,0.0,0.0,0.0,0.0,0.0,0.0,0.0,48.2,52.3,58.9,46.2,77.5,64.9
410,DOMINICAN REPUBLIC,Passenger transportation,0.0,0.0,0.0,0.0,0.0,0.0,0.0,0.0,0.0,0.0,0.0,0.0,0.0,0.0,0.0,0.0,0.0,0.0,0.0,0.0,0.0,0.0,2.5,2.8,2.6,0.7,2.1,2.4
411,DOMINICAN REPUBLIC,Travel agencies and other reservation services activities,0.0,0.0,0.0,0.0,0.0,0.0,0.0,0.0,0.0,0.0,0.0,0.0,0.0,0.0,0.0,0.0,0.0,0.0,0.0,0.0,0.0,0.0,10.4,10.9,10.7,6.6,9.1,9.5
412,DOMINICAN REPUBLIC,Other tourism industries,0.0,0.0,0.0,0.0,0.0,0.0,0.0,0.0,0.0,0.0,122.9,134.5,135.9,139.6,140.1,139.6,139.1,143.7,154.7,157.7,182.5,226.4,6.9,6.8,6.8,3.4,5.6,6.4
414,ECUADOR,Accommodation services for visitors (hotels and similar establishments),13.789,14.931,15.434,16.987,16.957,17.246,17.82,19.195,19.886,19.915,21.684,22.636,21.653,23.875,24.86,26.1,28.1,29.6,31.9,33.5,35.5,33.1,27.9,28.4,28.3,9.516,24.767,7.631
416,ECUADOR,Food and beverage serving activities,26.926,25.666,26.926,27.746,27.463,27.496,29.696,30.146,33.51,34.831,37.173,41.745,42.977,49.04,53.87,54.6,61.6,65.1,69.8,75.6,85.4,88.2,88.6,89.8,88.9,68.867,78.151,29.611
417,ECUADOR,Passenger transportation,2.082,1.796,0.0,0.0,0.0,0.0,0.0,0.0,0.0,0.0,0.0,0.0,2.7,2.8,2.534,2.8,2.7,2.7,3.0,2.9,3.0,3.2,3.0,3.2,3.3,3.197,3.129,3.141
418,ECUADOR,Travel agencies and other reservation services activities,4.071,3.595,4.071,4.483,5.015,5.407,6.198,6.679,6.71,6.671,5.539,5.877,5.793,6.258,6.18,6.4,7.6,7.8,8.2,8.7,9.5,8.7,8.4,9.0,9.7,6.108,9.616,6.88
419,ECUADOR,Other tourism industries,2.447,2.729,5.029,5.451,6.018,6.388,6.501,6.548,7.02,6.937,7.71,8.273,3.909,2.695,2.701,2.9,2.4,1.1,1.2,1.4,1.6,3.0,4.2,4.1,4.3,2.9,3.9,1.942
421,EGYPT,Accommodation services for visitors (hotels and similar establishments),0.0,0.0,0.0,0.0,0.0,0.0,0.0,0.0,0.0,0.0,0.0,0.0,0.0,0.0,0.0,162.8,137.7,153.0,133.4,128.0,153.0,0.0,0.0,0.0,0.0,0.0,0.0,0.0
422,EGYPT,Other accommodation services,0.0,0.0,0.0,0.0,0.0,0.0,0.0,0.0,0.0,0.0,0.0,0.0,0.0,0.0,0.0,14.7,9.5,13.9,23.5,28.0,36.0,0.0,0.0,0.0,0.0,0.0,0.0,0.0
423,EGYPT,Food and beverage serving activities,0.0,0.0,0.0,0.0,0.0,0.0,0.0,0.0,0.0,0.0,0.0,0.0,0.0,0.0,0.0,365.9,326.4,366.0,382.4,408.0,488.0,0.0,0.0,0.0,0.0,0.0,0.0,0.0
424,EGYPT,Passenger transportation,0.0,0.0,0.0,0.0,0.0,0.0,0.0,0.0,0.0,0.0,0.0,0.0,0.0,0.0,0.0,928.4,1017.6,1028.8,1022.7,1069.0,1180.0,0.0,0.0,0.0,0.0,0.0,0.0,0.0
425,EGYPT,Travel agencies and other reservation services activities,0.0,0.0,0.0,0.0,0.0,0.0,0.0,0.0,0.0,0.0,0.0,0.0,0.0,0.0,0.0,88.4,84.4,70.1,58.2,48.0,63.0,0.0,0.0,0.0,0.0,0.0,0.0,0.0
426,EGYPT,Other tourism industries,0.0,0.0,0.0,0.0,0.0,0.0,0.0,0.0,0.0,0.0,0.0,0.0,0.0,0.0,0.0,83.9,79.4,74.9,78.6,71.0,73.0,0.0,0.0,0.0,0.0,0.0,0.0,0.0
428,EL SALVADOR,Accommodation services for visitors (hotels and similar establishments),0.0,0.0,0.0,0.0,0.0,0.0,0.0,0.0,0.0,0.0,0.0,0.0,4.3,4.9,5.0,5.0,5.5,4.6,4.6,4.7,5.4,5.9,5.9,5.6,5.7,4.7,4.6,5.5
430,EL SALVADOR,Food and beverage serving activities,0.0,0.0,0.0,0.0,0.0,0.0,0.0,0.0,0.0,0.0,0.0,0.0,16.1,15.4,18.1,16.9,17.3,19.0,19.8,20.8,21.5,23.4,25.1,26.8,28.1,26.1,28.9,33.5
431,EL SALVADOR,Passenger transportation,0.0,0.0,0.0,0.0,0.0,0.0,0.0,0.0,0.0,0.0,0.0,0.0,13.1,13.4,11.2,7.7,7.7,8.3,13.5,13.7,13.6,13.7,12.2,10.8,11.1,10.3,10.5,11.8
433,EL SALVADOR,Other tourism industries,0.0,0.0,0.0,0.0,0.0,0.0,0.0,0.0,0.0,0.0,0.0,0.0,8.6,8.6,6.5,11.3,12.2,12.7,7.7,9.2,8.2,7.0,9.1,11.8,12.2,11.1,11.9,12.7
449,ESTONIA,Accommodation services for visitors (hotels and similar establishments),0.0,0.0,0.0,0.0,0.0,0.0,0.0,0.0,0.0,0.0,4.8,5.2,5.8,6.3,5.6,5.3,5.8,5.8,5.9,6.2,6.8,7.2,7.3,7.1,7.0,5.6,5.3,0.0
450,ESTONIA,Other accommodation services,0.0,0.0,0.0,0.0,0.0,0.0,0.0,0.0,0.0,0.0,0.0,0.6,0.7,0.0,0.6,0.6,0.0,0.0,0.0,0.0,0.0,0.0,0.0,0.0,0.0,0.0,0.0,0.0
451,ESTONIA,Food and beverage serving activities,0.0,0.0,0.0,0.0,0.0,0.0,0.0,0.0,0.0,0.0,11.0,12.3,13.6,14.1,12.2,12.4,12.9,13.7,14.4,15.9,16.8,17.6,19.1,17.9,19.5,16.8,17.2,0.0
453,ESTONIA,Travel agencies and other reservation services activities,0.0,0.0,0.0,0.0,0.0,0.0,0.0,0.0,0.0,0.0,1.7,1.8,1.7,1.7,1.5,1.4,1.5,1.5,1.6,1.5,1.6,1.6,1.8,1.8,1.9,1.6,1.3,0.0
456,ESWATINI,Accommodation services for visitors (hotels and similar establishments),0.0,0.0,0.0,0.0,0.0,0.0,0.0,0.0,0.0,0.0,0.0,0.0,1.29,0.0,0.0,2.49,0.0,0.0,0.0,0.0,0.0,0.0,0.0,0.0,0.0,0.0,0.0,0.0
458,ESWATINI,Food and beverage serving activities,0.0,0.0,0.0,0.0,0.0,0.0,0.0,0.0,0.0,0.0,0.0,0.0,3.541,0.0,0.0,3.397,0.0,0.0,0.0,0.0,0.0,0.0,0.0,0.0,0.0,0.0,0.0,0.0
459,ESWATINI,Passenger transportation,0.0,0.0,0.0,0.0,0.0,0.0,0.0,0.0,0.0,0.0,0.0,0.0,6.19,0.0,0.0,6.866,0.0,0.0,0.0,0.0,0.0,0.0,0.0,0.0,0.0,0.0,0.0,0.0
460,ESWATINI,Travel agencies and other reservation services activities,0.0,0.0,0.0,0.0,0.0,0.0,0.0,0.0,0.0,0.0,0.0,0.0,0.453,0.0,0.0,0.278,0.0,0.0,0.0,0.0,0.0,0.0,0.0,0.0,0.0,0.0,0.0,0.0
461,ESWATINI,Other tourism industries,0.0,0.0,0.0,0.0,0.0,0.0,0.0,0.0,0.0,0.0,0.0,0.0,0.457,0.0,0.0,1.332,0.0,0.0,0.0,0.0,0.0,0.0,0.0,0.0,0.0,0.0,0.0,0.0
477,FINLAND,Accommodation services for visitors (hotels and similar establishments),0.0,0.0,0.0,0.0,0.0,0.0,0.0,0.0,0.0,0.0,0.0,0.0,16.4,0.0,0.0,0.0,14.5,14.8,14.5,14.6,15.0,14.9,15.1,16.0,16.3,13.7,13.7,0.0
479,FINLAND,Food and beverage serving activities,0.0,0.0,0.0,0.0,0.0,0.0,0.0,0.0,0.0,0.0,0.0,0.0,62.3,0.0,0.0,0.0,61.6,63.5,63.8,65.7,66.4,67.6,69.3,72.6,77.3,66.3,68.7,0.0
480,FINLAND,Passenger transportation,0.0,0.0,0.0,0.0,0.0,0.0,0.0,0.0,0.0,0.0,0.0,0.0,35.9,0.0,0.0,0.0,33.9,37.7,37.5,37.8,35.1,35.5,32.7,37.6,38.0,31.8,31.0,0.0
481,FINLAND,Travel agencies and other reservation services activities,0.0,0.0,0.0,0.0,0.0,0.0,0.0,0.0,0.0,0.0,0.0,0.0,4.4,0.0,0.0,0.0,2.2,2.0,2.0,2.1,2.2,2.7,2.8,2.8,2.9,2.3,2.2,0.0
482,FINLAND,Other tourism industries,0.0,0.0,0.0,0.0,0.0,0.0,0.0,0.0,0.0,0.0,0.0,0.0,11.5,0.0,0.0,0.0,18.2,18.5,18.9,19.0,18.7,18.8,19.0,18.7,19.6,17.3,17.8,0.0
484,FRANCE,Accommodation services for visitors (hotels and similar establishments),0.0,0.0,0.0,0.0,0.0,0.0,0.0,0.0,0.0,0.0,0.0,183.59,197.2871383913736,180.6,176.9,174.8,176.4,172.982,170.231,171.813,171.774,172.274,173.4,176.0,178.7,147.3,0.0,0.0
485,FRANCE,Other accommodation services,0.0,0.0,0.0,0.0,0.0,0.0,0.0,0.0,0.0,0.0,0.0,38.427,53.866312036983466,41.9,41.3,40.5,40.1,40.924,40.809,40.359,40.472,40.926,41.4,40.6,54.5,47.0,0.0,0.0
486,FRANCE,Food and beverage serving activities,0.0,0.0,0.0,0.0,0.0,0.0,0.0,0.0,0.0,0.0,0.0,507.692,559.2882105993205,544.2,557.4,570.0,588.6,602.692,603.085,610.663,627.177,656.105,691.8,710.3,860.3,782.3,0.0,0.0
487,FRANCE,Passenger transportation,0.0,0.0,0.0,0.0,0.0,0.0,0.0,0.0,0.0,0.0,0.0,101.12,283.83641334068346,284.4,286.0,281.2,275.4,276.76,274.68,273.557,271.64830789210663,270.4766684101025,271.7,274.7,200.6,183.9,0.0,0.0
488,FRANCE,Travel agencies and other reservation services activities,0.0,0.0,0.0,0.0,0.0,0.0,0.0,0.0,0.0,0.0,0.0,48.173,52.974186025934166,51.3,49.4,47.9,47.8,47.247,46.635,45.749,45.471,44.903,45.2,45.5,46.1,39.6,0.0,0.0
489,FRANCE,Other tourism industries,0.0,0.0,0.0,0.0,0.0,0.0,0.0,0.0,0.0,0.0,0.0,73.156,89.25878285576984,109.2,107.3,118.0,116.7,111.015,111.075,112.26,113.503,116.613,123.2,121.1,155.6,140.0,0.0,0.0
498,FRENCH POLYNESIA,Accommodation services for visitors (hotels and similar establishments),0.0,0.0,0.0,0.0,0.0,0.0,0.0,0.0,0.0,0.0,0.0,0.0,0.0,0.0,4.39,4.178,4.124,4.072,4.079,4.317,4.453,4.6,4.9,5.0,5.2,3.5,4.4,0.0
500,FRENCH POLYNESIA,Food and beverage serving activities,0.0,0.0,0.0,0.0,0.0,0.0,0.0,0.0,0.0,0.0,0.0,0.0,0.0,0.0,2.099,2.057,1.967,1.929,1.987,1.94,1.966,2.0,2.1,2.2,2.2,2.1,2.4,0.0
501,FRENCH POLYNESIA,Passenger transportation,0.0,0.0,0.0,0.0,0.0,0.0,0.0,0.0,0.0,0.0,0.0,0.0,0.0,0.0,3.484,3.38,3.32,3.248,3.205,3.273,3.313,3.3,3.5,3.6,3.7,3.6,3.6,0.0
502,FRENCH POLYNESIA,Travel agencies and other reservation services activities,0.0,0.0,0.0,0.0,0.0,0.0,0.0,0.0,0.0,0.0,0.0,0.0,0.0,0.0,0.285,0.264,0.243,0.244,0.239,0.242,0.2,0.2,0.2,0.3,0.3,0.2,0.2,0.0
503,FRENCH POLYNESIA,Other tourism industries,0.0,0.0,0.0,0.0,0.0,0.0,0.0,0.0,0.0,0.0,0.0,0.0,0.0,0.0,0.259,0.26,0.255,0.278,0.308,0.326,0.3,0.3,0.4,0.4,0.4,0.5,0.4,0.0
519,GEORGIA,Accommodation services for visitors (hotels and similar establishments),0.0,0.0,0.0,0.0,0.0,2.0,2.0,2.0,2.0,3.0,3.0,3.0,4.0,3.8,4.2,5.3,6.3,7.944833265728,8.7,9.0,11.1,13.5,16.8,0.0,0.0,0.0,0.0,0.0
521,GEORGIA,Food and beverage serving activities,0.0,0.0,0.0,0.0,0.0,9.0,4.0,4.0,4.0,5.0,7.0,8.0,7.0,7.4,9.4,10.8,18.0,19.913426079779,19.2,21.2,20.5,22.0,23.8,0.0,0.0,0.0,0.0,0.0
522,GEORGIA,Passenger transportation,0.0,0.0,0.0,0.0,0.0,16.0,15.0,16.0,14.0,30.0,27.0,23.0,22.0,25.6,24.5,25.5,24.1,25.682122476712,25.9,13.8,14.0,14.4,15.2,0.0,0.0,0.0,0.0,0.0
523,GEORGIA,Travel agencies and other reservation services activities,0.0,0.0,0.0,0.0,0.0,0.3,0.3,0.2,0.3,0.4,0.6,0.7,0.7,2.8,3.5,3.9,5.2,5.6418812377459995,0.0,2.4,2.6,3.2,3.3,0.0,0.0,0.0,0.0,0.0
524,GEORGIA,Other tourism industries,0.0,0.0,0.0,0.0,0.0,0.0,0.0,0.0,0.0,0.0,0.0,0.0,0.0,0.0,0.0,0.0,0.0,0.0,0.0,43.7,45.2,49.6,52.2,0.0,0.0,0.0,0.0,0.0
526,GERMANY,Accommodation services for visitors (hotels and similar establishments),0.0,0.0,0.0,0.0,0.0,0.0,0.0,0.0,0.0,0.0,0.0,0.0,0.0,0.0,458.021,440.154,456.8,479.4,453.9,485.8,489.9,503.4,518.2,514.6,486.0,363.6,374.6,0.0
527,GERMANY,Other accommodation services,0.0,0.0,0.0,0.0,0.0,0.0,0.0,0.0,0.0,0.0,0.0,0.0,0.0,0.0,51.607,55.715,57.8,52.5,52.8,56.8,63.6,66.9,71.4,70.2,73.3,65.5,55.7,0.0
528,GERMANY,Food and beverage serving activities,0.0,0.0,0.0,0.0,0.0,0.0,0.0,0.0,0.0,0.0,0.0,0.0,0.0,0.0,1188.491,1196.698,1255.0,1236.5,1176.8,1306.6,1360.3,1444.7,1482.2,1517.1,1493.9,1111.1,1119.8,0.0
529,GERMANY,Passenger transportation,0.0,0.0,0.0,0.0,0.0,0.0,0.0,0.0,0.0,0.0,0.0,0.0,0.0,0.0,425.4,439.75,442.9,421.7,436.2,465.9,479.3,503.8,0.0,0.0,0.0,0.0,0.0,0.0
530,GERMANY,Travel agencies and other reservation services activities,0.0,0.0,0.0,0.0,0.0,0.0,0.0,0.0,0.0,0.0,0.0,0.0,0.0,0.0,66.161,84.004,86.5,79.7,87.1,80.7,88.2,92.6,94.4,96.5,96.9,77.2,69.6,0.0
540,GREECE,Accommodation services for visitors (hotels and similar establishments),0.0,0.0,0.0,0.0,0.0,0.0,0.0,57.415,57.702,62.067,64.269,73.791,71.278,54.47098750000002,50.07910249999987,45.837317500000076,47.73048500000006,48.42958749999992,43.78948999999996,57.069359999999904,58.020094999999884,57.356372500000056,64.04513249999987,73.53786500000014,73.57693999999998,47.47132249999993,65.04950237272465,76.9577388297482
541,GREECE,Other accommodation services,0.0,0.0,0.0,0.0,0.0,0.0,0.0,0.0,0.0,0.0,0.0,0.0,0.0,2.3348899999999997,2.4752800000000006,1.7681825000000002,0.7658299999999999,2.0922275,1.8582124999999998,1.620425,1.32448,0.7467775,2.1942250000000008,1.9440775000000008,1.5643699999999998,0.9182975000000001,2.070935042693244,2.1741018853137755
542,GREECE,Food and beverage serving activities,0.0,0.0,0.0,0.0,0.0,0.0,0.0,193.325,197.22,215.817,215.906,229.933,226.841,129.96156250000013,140.8273724999999,132.40732749999972,123.22089500000017,109.37336249999993,108.61648749999999,136.12505749999997,153.60280499999982,164.96841999999964,165.28509249999996,171.9861399999997,196.79638749999975,179.73886750000014,168.59321860487583,196.63603310323677
543,GREECE,Passenger transportation,0.0,0.0,0.0,0.0,0.0,0.0,0.0,0.0,0.0,0.0,0.0,0.0,0.0,78.11532500000006,71.02657250000006,71.38907999999999,68.31646250000001,62.28747000000001,60.83536749999999,55.57677249999996,56.86037750000001,70.28120750000004,68.23825249999994,59.892877499999976,59.07284500000006,67.89648249999999,69.44582613259826,66.32449039515448
544,GREECE,Travel agencies and other reservation services activities,0.0,0.0,0.0,0.0,0.0,0.0,0.0,0.0,0.0,0.0,0.0,0.0,0.0,14.338134999999996,12.406712499999998,11.430657499999997,9.811124999999997,9.421482500000003,9.021417499999997,16.494937499999992,12.914062499999998,13.9540425,13.985122499999997,9.940462500000008,12.009965000000008,13.010990000000001,13.390845707223441,14.482750408328807
545,GREECE,Other tourism industries,0.0,0.0,0.0,0.0,0.0,0.0,0.0,0.0,0.0,0.0,0.0,0.0,0.0,49.04349249999999,43.00558500000001,37.3448125,36.161335,30.45186499999999,31.3845825,33.99512250000001,39.7088875,41.428152499999996,41.36869499999999,47.99229999999999,47.64742249999999,48.821535,44.72716077679012,55.90968411802444
547,GRENADA,Accommodation services for visitors (hotels and similar establishments),0.0,0.0,0.0,0.0,0.0,0.0,0.0,0.0,0.0,0.0,0.0,0.0,0.0,0.0,0.0,0.0,0.0,0.0,0.0,0.0,3.55,3.55,3.6,3.9,4.1,2.8,2.8,2.8
603,HONDURAS,Accommodation services for visitors (hotels and similar establishments),0.0,0.0,0.0,0.0,0.0,0.0,0.0,0.0,0.0,0.0,0.0,8.551,7.454,9.3,8.1,10.4,11.5,9.7,9.3,12.0,10.996,15.0,15.9,10.5,11.669,7.178328211758923,0.0,8.0
604,HONDURAS,Other accommodation services,0.0,0.0,0.0,0.0,0.0,0.0,0.0,0.0,0.0,0.0,0.0,0.0,0.0,0.0,0.0,0.0,0.0,0.0,0.0,0.0,0.0,0.0,0.0,0.0,0.0,0.0,0.0,0.0
605,HONDURAS,Food and beverage serving activities,0.0,0.0,0.0,0.0,0.0,0.0,0.0,0.0,0.0,0.0,0.0,79.188,81.438,90.2,98.6,108.8,104.3,98.2,120.8,122.8,150.973,153.8,166.3,200.1,174.681,219.60830764250161,191.4,150.4
606,HONDURAS,Passenger transportation,0.0,0.0,0.0,0.0,0.0,0.0,0.0,0.0,0.0,0.0,0.0,46.52,48.202,55.3,54.5,61.2,53.1,57.7,61.3,59.7,65.637,58.9,69.8,76.1,70.562,47.09457379655395,21.7,71.4
607,HONDURAS,Travel agencies and other reservation services activities,0.0,0.0,0.0,0.0,0.0,0.0,0.0,0.0,0.0,0.0,0.0,0.942,0.815,1.0,0.7,0.9,0.8,1.5,1.3,1.1,0.931,2.2,1.9,1.0,2.468,0.23226335042953983,0.3,1.0
608,HONDURAS,Other tourism industries,0.0,0.0,0.0,0.0,0.0,0.0,0.0,0.0,0.0,0.0,0.0,13.654,12.031,12.6,13.0,14.1,13.9,12.4,15.7,14.8,17.643,18.1,9.9,19.5,15.459,7.914668085427657,18.0,13.2
610,"HONG KONG, CHINA",Accommodation services for visitors (hotels and similar establishments),0.0,0.0,0.0,0.0,0.0,24.0,24.0,24.0,22.0,24.0,24.0,25.0,30.0,29.0,27.1,34.5,39.0,39.4,39.9,40.1,37.3,36.6,37.9,37.3,34.2,3.6,0.9,0.0
612,"HONG KONG, CHINA",Food and beverage serving activities,0.0,0.0,0.0,0.0,0.0,20.0,22.0,32.0,28.0,32.0,37.0,35.0,31.0,31.0,27.9,37.3,42.8,45.9,49.0,51.7,52.7,49.6,51.0,50.1,44.0,4.0,2.0,0.0
614,"HONG KONG, CHINA",Travel agencies and other reservation services activities,0.0,0.0,0.0,0.0,0.0,18.0,18.0,17.0,17.0,18.0,19.0,20.0,21.0,21.0,19.7,19.1,19.4,19.8,19.9,19.7,20.4,20.4,20.4,19.5,19.1,17.4,14.0,0.0
615,"HONG KONG, CHINA",Other tourism industries,0.0,0.0,0.0,0.0,0.0,53.0,55.0,69.0,73.0,80.0,85.0,96.0,110.0,116.0,117.5,124.2,134.7,145.7,161.6,159.8,155.5,153.2,148.5,151.3,135.3,24.1,5.6,0.0
617,HUNGARY,Accommodation services for visitors (hotels and similar establishments),0.0,0.0,0.0,0.0,0.0,0.0,0.0,0.0,0.0,0.0,24.748,28.076,29.058,27.537,28.34,30.419,37.49,39.848,35.297,31.531,35.829,38.117,34.533,39.351,42.348,30.646,28.01,35.495
618,HUNGARY,Other accommodation services,0.0,0.0,0.0,0.0,0.0,0.0,0.0,0.0,0.0,0.0,5.493,5.615,6.057,6.6,3.293,2.715,2.823,3.65,4.764,6.655,6.276,5.899,5.58,4.607,4.846,4.394,3.772,3.558
619,HUNGARY,Food and beverage serving activities,0.0,0.0,0.0,0.0,0.0,0.0,0.0,0.0,0.0,0.0,69.168,107.429,105.832,105.671,109.466,104.945,106.582,103.194,98.92,106.875,116.79,123.366,124.058,106.528,99.326,91.194,109.912,118.537
620,HUNGARY,Passenger transportation,0.0,0.0,0.0,0.0,0.0,0.0,0.0,0.0,0.0,0.0,144.01,168.466,172.313,60.485,71.08,83.101,82.516,76.055,78.875,87.706,94.561,95.836,100.312,93.696,106.132,95.487,91.943,88.029
621,HUNGARY,Travel agencies and other reservation services activities,0.0,0.0,0.0,0.0,0.0,0.0,0.0,0.0,0.0,0.0,5.801,7.577,5.726,5.664,7.059,8.646,8.563,6.659,7.581,10.792,8.756,8.187,9.216,7.001,8.798,8.653,4.267,4.454
622,HUNGARY,Other tourism industries,0.0,0.0,0.0,0.0,0.0,0.0,0.0,0.0,0.0,0.0,0.0,0.0,0.0,0.0,61.1,61.691,62.453,65.776,58.49,65.078,83.721,83.429,73.852,85.258,86.042,86.988,85.426,82.765
624,ICELAND,Accommodation services for visitors (hotels and similar establishments),0.0,0.0,0.0,0.0,0.0,0.0,0.0,0.0,0.0,0.0,0.7,0.7,0.7,2.2,2.2,2.4,2.8,3.3,3.8,4.3,5.1,6.2,6.8,7.0,6.9,4.2,4.2,0.0
625,ICELAND,Other accommodation services,0.0,0.0,0.0,0.0,0.0,0.0,0.0,0.0,0.0,0.0,0.3,0.3,0.3,0.0,0.0,0.0,0.0,0.0,0.0,0.0,0.0,0.0,0.0,0.0,0.0,0.0,0.0,0.0
626,ICELAND,Food and beverage serving activities,0.0,0.0,0.0,0.0,0.0,0.0,0.0,0.0,0.0,0.0,1.5,1.6,1.6,6.5,5.9,6.3,6.6,7.1,7.6,8.2,9.1,10.1,10.9,10.7,10.1,8.0,8.8,0.0
627,ICELAND,Passenger transportation,0.0,0.0,0.0,0.0,0.0,0.0,0.0,0.0,0.0,0.0,2.4,2.4,2.5,2.9,2.6,2.7,2.9,3.0,3.2,3.6,3.9,4.9,5.8,7.3,6.3,4.4,3.5,0.0
628,ICELAND,Travel agencies and other reservation services activities,0.0,0.0,0.0,0.0,0.0,0.0,0.0,0.0,0.0,0.0,0.7,0.8,0.7,0.7,0.7,0.8,0.9,1.1,1.3,1.5,1.9,2.6,3.0,3.0,2.9,1.7,1.7,0.0
629,ICELAND,Other tourism industries,0.0,0.0,0.0,0.0,0.0,0.0,0.0,0.0,0.0,0.0,2.9,3.1,3.3,0.3,0.3,0.3,0.4,0.4,0.5,0.6,0.8,1.1,1.2,1.2,1.2,0.8,0.8,0.0
631,INDIA,Accommodation services for visitors (hotels and similar establishments),0.0,0.0,0.0,0.0,0.0,0.0,0.0,0.0,0.0,0.0,0.0,0.0,0.0,0.0,0.0,0.0,0.0,0.0,676.131,764.574,1012.572,1240.9,780.875,852.0,839.5,703.2,0.0,0.0
632,INDIA,Other accommodation services,0.0,0.0,0.0,0.0,0.0,0.0,0.0,0.0,0.0,0.0,0.0,0.0,0.0,0.0,0.0,0.0,0.0,0.0,0.0,0.0,0.0,0.0,0.0,0.0,0.0,0.0,0.0,0.0
633,INDIA,Food and beverage serving activities,0.0,0.0,0.0,0.0,0.0,0.0,0.0,0.0,0.0,0.0,0.0,0.0,0.0,0.0,0.0,0.0,0.0,0.0,7579.6,7584.257,7613.215,7630.5,8107.682,8645.295,7384.2,7388.9,0.0,0.0
634,INDIA,Passenger transportation,0.0,0.0,0.0,0.0,0.0,0.0,0.0,0.0,0.0,0.0,0.0,0.0,0.0,0.0,0.0,0.0,0.0,0.0,12481.473,12897.335,13340.285,13611.3,13394.5,13445.8,12325.9,11598.6,0.0,0.0
635,INDIA,Travel agencies and other reservation services activities,0.0,0.0,0.0,0.0,0.0,0.0,0.0,0.0,0.0,0.0,0.0,0.0,0.0,0.0,0.0,0.0,0.0,0.0,1073.487,1135.231,1202.193,1272.2,984.398,940.729,1169.1,845.7,0.0,0.0
636,INDIA,Other tourism industries,0.0,0.0,0.0,0.0,0.0,0.0,0.0,0.0,0.0,0.0,0.0,0.0,0.0,0.0,0.0,0.0,0.0,0.0,7502.859,7978.062,8345.259,9262.7,8433.0,9195.0,8562.0,9147.0,0.0,0.0
638,INDONESIA,Accommodation services for visitors (hotels and similar establishments),0.0,0.0,0.0,0.0,0.0,0.0,0.0,0.0,0.0,0.0,0.0,135.1,113.2,137.6,140.9,149.7,164.1,172.8,183.74,198.5,202.7,209.3,0.0,211.4,407.3,348.3,0.0,0.0
639,INDONESIA,Other accommodation services,0.0,0.0,0.0,0.0,0.0,0.0,0.0,0.0,0.0,0.0,0.0,92.4,86.4,110.0,108.8,111.5,116.3,120.4,123.74,127.6,130.4,131.1,0.0,188.1,0.0,0.0,0.0,0.0
640,INDONESIA,Food and beverage serving activities,0.0,0.0,0.0,0.0,0.0,0.0,0.0,0.0,0.0,0.0,0.0,0.0,0.0,0.0,0.0,0.0,0.0,0.0,0.0,0.0,0.0,0.0,0.0,0.0,209.8,158.6,0.0,0.0
641,INDONESIA,Passenger transportation,0.0,0.0,0.0,0.0,0.0,0.0,0.0,0.0,0.0,0.0,0.0,0.0,0.0,0.0,0.0,0.0,0.0,0.0,0.0,0.0,0.0,0.0,0.0,0.0,21.4,15.3,0.0,0.0
642,INDONESIA,Travel agencies and other reservation services activities,0.0,0.0,0.0,0.0,0.0,0.0,0.0,0.0,0.0,0.0,0.0,0.0,0.0,0.0,0.0,0.0,0.0,0.0,0.0,0.0,0.0,0.0,0.0,0.0,90.1,68.0,0.0,0.0
643,INDONESIA,Other tourism industries,0.0,0.0,0.0,0.0,0.0,0.0,0.0,0.0,0.0,0.0,0.0,0.0,0.0,0.0,0.0,0.0,0.0,0.0,0.0,0.0,0.0,0.0,0.0,0.0,2191.2,1974.3,0.0,0.0
666,ISRAEL,Accommodation services for visitors (hotels and similar establishments),0.0,0.0,0.0,0.0,0.0,0.0,0.0,0.0,0.0,0.0,0.0,0.0,28.6,27.8,31.5,33.0,34.1,33.9,34.2,35.2,36.9,37.2,40.5,40.6,42.1,21.1,26.4,39.6
667,ISRAEL,Other accommodation services,0.0,0.0,0.0,0.0,0.0,0.0,0.0,0.0,0.0,0.0,0.0,0.0,0.0,0.0,4.1,4.0,4.2,5.0,4.8,4.9,4.5,4.6,4.5,4.4,4.4,3.3,2.6000000000000014,3.9
668,ISRAEL,Food and beverage serving activities,0.0,0.0,0.0,0.0,0.0,0.0,0.0,0.0,0.0,0.0,0.0,0.0,93.5,102.2,96.0,103.7,135.5,84.4,90.1,95.7,14.4,15.1,15.4,15.8,16.2,12.7,13.0,16.3
669,ISRAEL,Passenger transportation,0.0,0.0,0.0,0.0,0.0,0.0,0.0,0.0,0.0,0.0,0.0,0.0,22.4,24.9,28.6,60.7,60.8,59.3,65.9,65.9,16.8,17.4,17.3,18.1,20.8,18.9,14.25,16.4
670,ISRAEL,Travel agencies and other reservation services activities,0.0,0.0,0.0,0.0,0.0,0.0,0.0,0.0,0.0,0.0,0.0,0.0,0.0,0.0,0.0,0.0,0.0,14.8,18.1,20.2,21.3,19.2,22.1,20.3,19.6,16.7,11.5,17.5
671,ISRAEL,Other tourism industries,0.0,0.0,0.0,0.0,0.0,0.0,0.0,0.0,0.0,0.0,0.0,0.0,0.0,0.0,0.0,0.0,0.0,0.0,0.0,0.0,40.5,41.5,42.5,42.2,46.8,45.0,40.45000000000002,41.8
680,JAMAICA,Accommodation services for visitors (hotels and similar establishments),0.0,0.0,0.0,0.0,0.0,0.0,0.0,0.0,0.0,0.0,0.0,0.0,0.0,0.0,36.354,37.018,34.921,35.197,33.938,35.166,39.3,47.0,48.439,50.1,51.2,30.7,41.3,41.284
687,JAPAN,Accommodation services for visitors (hotels and similar establishments),0.0,0.0,0.0,0.0,0.0,0.0,0.0,0.0,0.0,0.0,0.0,0.0,0.0,361.9333420130769,356.82254979155965,367.9313188602929,391.683519583676,366.482791025599,360.0,400.0,540.0,544.75,554.72,596.56,617.37,556.33,0.0,0.0
689,JAPAN,Food and beverage serving activities,0.0,0.0,0.0,0.0,0.0,0.0,0.0,0.0,0.0,0.0,0.0,0.0,0.0,1015.0524124876245,922.0110162780884,959.7038547314176,943.003614055936,936.504538104307,920.0,920.0,2850.0,2933.25,2844.2000000000003,3053.56,3066.63,2872.67,0.0,0.0
690,JAPAN,Passenger transportation,0.0,0.0,0.0,0.0,0.0,0.0,0.0,0.0,0.0,0.0,0.0,0.0,0.0,1337.5412031338876,1326.0633015147487,1336.7581649306248,1326.4577034588,1314.47704630942,1350.0,1440.0,930.0,925.3999999999999,877.0,859.5699999999999,887.08,856.28,0.0,0.0
691,JAPAN,Travel agencies and other reservation services activities,0.0,0.0,0.0,0.0,0.0,0.0,0.0,0.0,0.0,0.0,110.6,116.1,108.7,550.4599026314761,576.6250779766245,579.2500296425308,594.584927998011,601.250055276928,630.0,630.0,630.0,642.91,627.44,641.85,649.08,654.11,0.0,0.0
692,JAPAN,Other tourism industries,0.0,0.0,0.0,0.0,0.0,0.0,0.0,0.0,0.0,0.0,0.0,0.0,0.0,723.8384528531782,749.6984578596198,728.2922937645608,695.664858780336,730.327965763038,750.0,750.0,640.0,668.1100000000001,616.58,626.0799999999999,668.91,648.46,0.0,0.0
694,JORDAN,Accommodation services for visitors (hotels and similar establishments),0.0,0.0,0.0,0.0,0.0,0.0,0.0,0.0,0.0,0.0,12.884,13.45,13.193,13.994,14.69,15.083,15.15,15.419,18.4,18.644,19.058,19.3,20.67,20.67,20.918,16.9,19.9,21.835
696,JORDAN,Food and beverage serving activities,0.0,0.0,0.0,0.0,0.0,0.0,0.0,0.0,0.0,0.0,9.95,10.72,13.472,15.498,16.517,17.091,17.638,18.439,19.6,19.45,19.508,20.3,20.195,20.38,20.701,13.0,17.7,20.77
697,JORDAN,Passenger transportation,0.0,0.0,0.0,0.0,0.0,0.0,0.0,0.0,0.0,0.0,0.62,0.758,0.814,0.881,0.879,0.939,0.939,0.94,1.0,1.047,1.047,1.0,1.047,1.047,2.05,2.1,2.1,2.1
698,JORDAN,Travel agencies and other reservation services activities,0.0,0.0,0.0,0.0,0.0,0.0,0.0,0.0,0.0,0.0,2.774,2.903,3.408,3.68,3.981,4.528,4.619,4.719,4.8,4.9,4.975,5.0,4.885,4.885,4.793,4.0,4.2,4.527
699,JORDAN,Other tourism industries,0.0,0.0,0.0,0.0,0.0,0.0,0.0,0.0,0.0,0.0,3.156,3.232,3.518,3.913,4.025,4.265,4.457,4.426,4.6,4.553,4.508,4.8,4.473,4.568,5.026,5.1,5.3,5.532
701,KAZAKHSTAN,Accommodation services for visitors (hotels and similar establishments),0.0,0.0,0.0,0.0,0.0,0.0,0.0,0.0,0.0,0.0,0.0,30.1,34.4,36.9,41.0,48.7,47.7,21.5,22.0,25.7,25.3,26.5,27.6,29.2,30.0,26.3,27.3,28.9
702,KAZAKHSTAN,Other accommodation services,0.0,0.0,0.0,0.0,0.0,0.0,0.0,0.0,0.0,0.0,0.0,9.4,10.0,9.9,9.7,10.7,10.9,11.1,10.8,10.3,10.5,10.0,9.6,8.0,8.8,8.6,8.1,7.9
703,KAZAKHSTAN,Food and beverage serving activities,0.0,0.0,0.0,0.0,0.0,0.0,0.0,0.0,0.0,0.0,0.0,0.0,0.0,72.1,70.8,72.4,0.0,0.0,0.0,0.0,0.0,0.0,0.0,0.0,0.0,0.0,0.0,0.0
705,KAZAKHSTAN,Travel agencies and other reservation services activities,0.0,0.0,0.0,0.0,0.0,0.0,0.0,0.0,0.0,0.0,0.0,3.3,7.1,4.0,6.7,6.1,4.9,5.0,6.6,6.5,7.3,7.2,7.3,7.4,7.4,7.8,6.0,8.9
706,KAZAKHSTAN,Other tourism industries,0.0,0.0,0.0,0.0,0.0,0.0,0.0,0.0,0.0,0.0,0.0,0.0,0.0,34.0,52.8,57.4,61.6,60.5,61.5,65.8,68.2,70.2,71.8,74.9,75.4,75.3,75.7,81.0
715,KIRIBATI,Accommodation services for visitors (hotels and similar establishments),0.0,0.0,0.0,0.0,0.0,0.0,0.0,0.0,0.0,0.0,0.0,0.0,0.0,0.0,0.0,0.0,0.0,0.0,0.0,0.0,0.0,0.0,0.462,0.0,0.5,0.0,0.3,0.0
729,"KOREA, REPUBLIC OF",Accommodation services for visitors (hotels and similar establishments),0.0,0.0,0.0,0.0,0.0,0.0,0.0,0.0,0.0,0.0,0.0,0.0,0.0,0.0,0.0,0.0,62.8,70.8,63.9,67.5,70.3,73.6,71.8,69.9,70.7,49.9,56.3,0.0
731,"KOREA, REPUBLIC OF",Food and beverage serving activities,0.0,0.0,0.0,0.0,0.0,0.0,0.0,0.0,0.0,0.0,0.0,0.0,0.0,0.0,0.0,0.0,39.7,41.6,42.2,39.5,27.9,27.1,29.0,32.8,35.6,26.4,26.8,0.0
733,"KOREA, REPUBLIC OF",Travel agencies and other reservation services activities,0.0,0.0,0.0,0.0,0.0,0.0,0.0,0.0,0.0,0.0,0.0,0.0,0.0,0.0,0.0,0.0,59.3,70.0,70.6,69.4,84.6,98.4,107.2,99.1,103.3,61.8,56.0,0.0
734,"KOREA, REPUBLIC OF",Other tourism industries,0.0,0.0,0.0,0.0,0.0,0.0,0.0,0.0,0.0,0.0,0.0,0.0,0.0,0.0,0.0,0.0,42.8,47.3,50.5,54.0,52.8,62.8,72.3,65.8,66.0,52.8,56.1,0.0
743,KYRGYZSTAN,Accommodation services for visitors (hotels and similar establishments),0.0,0.0,0.0,0.0,0.0,0.0,0.0,0.0,0.0,0.0,0.0,0.0,0.0,1.15,1.157,1.564,1.644,1.48,1.6,1.7,1.6,1.5,1.2,1.4,1.6,0.8,1.5,2.0
744,KYRGYZSTAN,Other accommodation services,0.0,0.0,0.0,0.0,0.0,0.0,0.0,0.0,0.0,0.0,0.0,0.0,0.0,0.0,0.0,0.0,0.0,0.0,0.0,3.7,3.6,3.6,3.8,3.8000000000000003,3.8,1.2,2.9,3.0
745,KYRGYZSTAN,Food and beverage serving activities,0.0,0.0,0.0,0.0,0.0,0.0,0.0,0.0,0.0,0.0,0.0,0.0,0.0,1.431,1.443,0.701,0.737,0.852,0.7,1.2,1.1,1.1,1.2,1.1,1.3,1.1,1.2,1.2
746,KYRGYZSTAN,Passenger transportation,0.0,0.0,0.0,0.0,0.0,0.0,0.0,0.0,0.0,0.0,0.0,0.0,0.0,0.0,0.0,0.0,0.0,0.0,0.0,0.0,0.0,8.2,11.4,12.0,11.0,4.0,10.2,12.0
747,KYRGYZSTAN,Travel agencies and other reservation services activities,0.0,0.0,0.0,0.0,0.0,0.0,0.0,0.0,0.0,0.0,0.0,0.0,0.0,1.062,1.056,1.067,1.269,1.21,1.4,1.3,1.5,1.5,1.6,1.6,1.5,0.8,1.2,1.4
748,KYRGYZSTAN,Other tourism industries,0.0,0.0,0.0,0.0,0.0,0.0,0.0,0.0,0.0,0.0,0.0,0.0,0.0,4.38,4.484,4.006,4.107,4.287,4.1,0.7,0.7,0.7,0.6,0.6,0.7,0.4,0.6,0.6
757,LATVIA,Accommodation services for visitors (hotels and similar establishments),0.0,0.0,0.0,0.0,0.0,0.0,0.0,0.0,0.0,0.0,0.0,0.0,0.0,0.0,0.0,0.0,3.7,2.5,3.2,4.6,5.0,4.7,3.7,4.5,5.4,5.0,3.0,3.7
758,LATVIA,Other accommodation services,0.0,0.0,0.0,0.0,0.0,0.0,0.0,0.0,0.0,0.0,0.0,0.0,0.0,0.0,0.0,0.0,0.7,0.9,1.1,1.1,0.6,1.3,1.3,1.1,1.2,1.3,1.6,1.1
759,LATVIA,Food and beverage serving activities,0.0,0.0,0.0,0.0,0.0,0.0,0.0,0.0,0.0,0.0,0.0,0.0,0.0,0.0,0.0,0.0,20.8,24.9,22.2,23.6,24.8,24.5,24.8,26.7,25.5,23.3,21.2,21.9
760,LATVIA,Passenger transportation,0.0,0.0,0.0,0.0,0.0,0.0,0.0,0.0,0.0,0.0,0.0,0.0,0.0,0.0,0.0,0.0,18.9,18.0,18.8,20.2,18.4,22.1,17.8,16.8,13.6,11.3,12.0,11.9
761,LATVIA,Travel agencies and other reservation services activities,0.0,0.0,0.0,0.0,0.0,0.0,0.0,0.0,0.0,0.0,0.0,0.0,0.0,0.0,0.0,0.0,2.0,2.7,2.6,2.8,2.4,1.5,2.8,2.5,2.0,2.1,1.9,0.0
762,LATVIA,Other tourism industries,0.0,0.0,0.0,0.0,0.0,0.0,0.0,0.0,0.0,0.0,0.0,0.0,0.0,0.0,0.0,0.0,16.2,23.0,21.6,22.6,22.6,25.5,25.0,25.5,27.9,25.3,21.5,24.8
764,LEBANON,Accommodation services for visitors (hotels and similar establishments),0.0,0.0,0.0,0.0,0.0,0.0,0.0,0.0,0.0,0.0,0.0,0.0,0.0,0.0,0.0,0.0,71.7,40.5,35.5,0.0,0.0,0.0,0.0,0.0,0.0,0.0,0.0,0.0
766,LEBANON,Food and beverage serving activities,0.0,0.0,0.0,0.0,0.0,0.0,0.0,0.0,0.0,0.0,0.0,0.0,0.0,0.0,0.0,0.0,250.0,0.0,0.0,0.0,0.0,0.0,0.0,0.0,0.0,0.0,0.0,0.0
768,LEBANON,Travel agencies and other reservation services activities,0.0,0.0,0.0,0.0,0.0,0.0,0.0,0.0,0.0,0.0,0.0,0.0,0.0,0.0,0.0,0.0,4.0,4.0,3.0,2.5,2.0,2.0,1.7,1.719,1.55,0.0,0.0,0.0
771,LESOTHO,Accommodation services for visitors (hotels and similar establishments),0.0,0.0,0.0,0.0,0.0,0.0,0.0,0.0,0.0,0.0,0.0,0.0,1.8,2.2,2.6,2.48,2.279,2.678,0.0,2.567,2.3,2.1,2.7,2.6,2.6,0.0,0.0,0.0
792,LIECHTENSTEIN,Accommodation services for visitors (hotels and similar establishments),0.0,0.0,0.0,0.0,0.0,0.0,0.0,0.0,0.0,0.0,0.0,0.0,0.3654,0.3364,0.3297,0.3211,0.3088,0.3,0.2748,0.3,0.3,0.3,0.3,0.3,0.3,0.3,0.3,0.3
799,LITHUANIA,Accommodation services for visitors (hotels and similar establishments),0.0,0.0,0.0,0.0,0.0,0.0,0.0,0.0,0.0,0.0,5.8,6.4,11.6,12.1,10.7,10.2,10.5,11.0,11.3,11.8,12.4,13.1,14.5,14.9,14.9,13.2,12.9,0.0
800,LITHUANIA,Other accommodation services,0.0,0.0,0.0,0.0,0.0,0.0,0.0,0.0,0.0,0.0,4.3,4.3,0.0,0.0,0.0,0.0,0.0,0.0,0.0,0.0,0.0,0.0,0.0,0.0,0.0,0.0,0.0,0.0
801,LITHUANIA,Food and beverage serving activities,0.0,0.0,0.0,0.0,0.0,0.0,0.0,0.0,0.0,0.0,8.0,12.4,11.0,12.7,12.3,12.7,12.7,12.0,12.6,13.1,13.6,12.5,13.1,14.8,15.7,15.2,16.4,0.0
802,LITHUANIA,Passenger transportation,0.0,0.0,0.0,0.0,0.0,0.0,0.0,0.0,0.0,0.0,9.5,8.1,10.5,10.8,9.8,8.8,9.3,9.1,9.2,10.1,10.3,11.1,10.3,9.6,9.3,8.0,7.6,0.0
803,LITHUANIA,Travel agencies and other reservation services activities,1.14,0.851,1.132,1.462,1.227,1.25,1.252,1.524,1.608,1.808,1.981,2.186,2.5,2.9,2.7,2.5,2.6,2.8,3.0,3.1,3.3,3.3,3.4,3.2,4.6,2.8,2.5,0.0
804,LITHUANIA,Other tourism industries,0.0,0.0,0.0,0.0,0.0,0.0,0.0,0.0,0.0,0.0,6.9,7.9,11.2,5.7,6.2,6.6,5.3,5.5,6.0,8.0,6.7,7.2,6.0,6.5,6.9,5.2,6.1,0.0
813,"MACAO, CHINA",Accommodation services for visitors (hotels and similar establishments),0.0,0.0,0.0,0.0,0.0,0.0,0.0,0.0,0.0,0.0,0.0,14.158,23.377,26.501,26.337,26.721,33.052,39.5,39.9,39.5,45.3,49.628,49.4,50.8,51.9,43.0,40.1,0.0
815,"MACAO, CHINA",Food and beverage serving activities,0.0,0.0,0.0,0.0,0.0,0.0,0.0,0.0,0.0,0.0,14.6,0.0,16.859,18.974,19.738,22.172,21.219,22.0,26.1,30.4,32.3,32.6,32.7,33.6,34.0,32.8,32.2,0.0
816,"MACAO, CHINA",Passenger transportation,0.0,0.0,0.0,0.0,0.0,0.0,0.0,0.0,0.0,0.0,9.4,10.088,5.1,5.957,6.7,6.4,6.7,6.9,7.0,8.1,7.3,8.3,8.9,9.8,10.1,8.7,7.6,0.0
817,"MACAO, CHINA",Travel agencies and other reservation services activities,0.0,0.0,0.0,0.0,0.0,0.0,0.0,0.0,0.0,0.0,1.6,1.743,2.281,2.806,2.864,3.034,3.379,3.7,3.9,4.2,4.5,4.3,4.5,4.5,4.7,3.7,2.7,0.0
818,"MACAO, CHINA",Other tourism industries,0.0,0.0,0.0,0.0,0.0,0.0,0.0,0.0,0.0,0.0,0.0,0.0,43.7,42.653,42.82,43.742,49.101,53.773,55.8,57.8,56.2,55.794,56.6,57.2,58.2,56.6,54.8,0.0
820,MADAGASCAR,Accommodation services for visitors (hotels and similar establishments),10.862,11.103,11.318,11.655,12.64,13.628,14.01,14.031,14.809,15.906,16.877,17.805,19.395,20.623,21.998,23.845,25.412,28.325,30.4,31.5,32.693,33.778,36.581,37.8,39.1,40.4,42.465,0.0
824,MADAGASCAR,Travel agencies and other reservation services activities,2.493,2.604,2.661,2.708,2.934,3.231,3.554,3.563,3.781,3.939,4.31,4.527,4.852,5.039,5.301,5.544,5.795,6.0,6.3,6.5,6.691,7.329,7.902,8.2,8.3,0.1,8.457,0.0
834,MALAYSIA,Accommodation services for visitors (hotels and similar establishments),0.0,0.0,0.0,0.0,0.0,84.1,0.0,81.8,85.2,91.3,99.0,99.7,103.4,101.0,104.6,176.2,176.1,188.7,180.8,231.2,184.1,207.4,210.5,222.4,233.8,208.5,196.35,0.0
836,MALAYSIA,Food and beverage serving activities,0.0,0.0,0.0,0.0,0.0,0.0,0.0,0.0,0.0,0.0,0.0,0.0,0.0,0.0,0.0,647.6,743.4,746.4,831.7,900.7,912.7,1002.6,1087.0,1183.0,1237.7,1191.6,1245.5,0.0
837,MALAYSIA,Passenger transportation,0.0,0.0,0.0,0.0,0.0,0.0,0.0,0.0,0.0,0.0,0.0,0.0,0.0,0.0,0.0,143.5,139.5,152.9,153.5,154.6,159.2,164.5,162.5,171.3,177.3,165.2,162.1,0.0
838,MALAYSIA,Travel agencies and other reservation services activities,0.0,0.0,0.0,0.0,0.0,11.8,0.0,12.1,12.3,13.0,14.9,15.0,0.0,18.2,0.0,22.8,33.5,28.0,31.7,37.4,32.7,35.8,40.1,38.7,40.7,34.1,26.3,0.0
839,MALAYSIA,Other tourism industries,0.0,0.0,0.0,0.0,0.0,0.0,0.0,0.0,0.0,0.0,0.0,0.0,0.0,0.0,0.0,1104.6,1385.9,1449.6,1478.3,1536.0,1610.1,1771.5,1808.5,1855.7,1872.3,1858.1,1889.9,0.0
848,MALI,Accommodation services for visitors (hotels and similar establishments),0.0,0.0,0.0,0.0,0.0,0.0,0.0,0.0,0.0,0.0,0.0,0.0,0.0,0.0,0.0,0.0,0.0,8.554,8.883,10.525,13.271,0.0,0.0,0.0,0.0,0.0,0.0,0.0
853,MALI,Other tourism industries,0.0,0.0,0.0,0.0,0.0,0.0,0.0,0.0,0.0,0.0,0.0,0.0,0.0,0.0,0.0,0.0,0.0,20.2,22.2,21.1,0.0,0.0,0.0,0.0,0.0,0.0,0.0,0.0
869,MARTINIQUE,Accommodation services for visitors (hotels and similar establishments),0.0,0.0,0.0,0.0,0.0,0.0,0.0,0.0,0.0,0.0,0.0,2.202,0.0,0.0,0.0,0.0,1.647,1.647,1.647,1.647,0.0,0.0,0.0,1.1,1.1,1.1,1.1,1.1
870,MARTINIQUE,Other accommodation services,0.0,0.0,0.0,0.0,0.0,0.0,0.0,0.0,0.0,0.0,0.0,0.888,0.0,0.0,0.0,0.0,0.76,0.76,0.76,0.76,0.0,0.0,0.0,2.1,2.1,2.1,2.1,2.1
871,MARTINIQUE,Food and beverage serving activities,0.0,0.0,0.0,0.0,0.0,0.0,0.0,0.0,0.0,0.0,0.0,3.034,0.0,0.0,0.0,0.0,3.862,3.862,3.862,3.862,0.0,0.0,0.0,3.304,3.304,3.3,3.3,3.3
872,MARTINIQUE,Passenger transportation,0.0,0.0,0.0,0.0,0.0,0.0,0.0,0.0,0.0,0.0,0.0,1.29,0.0,0.0,0.0,0.0,1.389,1.389,1.389,1.389,0.0,0.0,0.0,2.263,2.263,2.3,2.3,2.3
873,MARTINIQUE,Travel agencies and other reservation services activities,0.0,0.0,0.0,0.0,0.0,0.0,0.0,0.0,0.0,0.0,0.0,0.207,0.0,0.0,0.0,0.0,0.228,0.228,0.228,0.228,0.0,0.0,0.0,0.269,0.269,0.3,0.3,0.3
874,MARTINIQUE,Other tourism industries,0.0,0.0,0.0,0.0,0.0,0.0,0.0,0.0,0.0,0.0,0.0,2.574,0.0,0.0,0.0,0.0,2.656,2.656,2.656,2.656,0.0,0.0,0.0,2.766,2.766,2.8,2.8,2.8
883,MAURITIUS,Accommodation services for visitors (hotels and similar establishments),0.0,0.0,0.0,0.0,0.0,0.0,0.0,0.0,0.0,0.0,0.0,19.536,20.5,22.7,20.9,21.27,21.83,22.225,22.397,22.559,22.583,23.639,24.183,24.412,24.51,25.039,21.693,21.809
885,MAURITIUS,Food and beverage serving activities,0.0,0.0,0.0,0.0,0.0,0.0,0.0,0.0,0.0,0.0,0.0,1.805,1.7,2.1,2.6,2.572,2.678,3.006,3.157,3.266,3.258,3.407,3.238,3.351,3.526,3.662,3.463,3.081
887,MAURITIUS,Travel agencies and other reservation services activities,0.0,0.0,0.0,0.0,0.0,0.0,0.0,0.0,0.0,0.0,0.0,4.457,4.4,4.3,4.2,3.899,4.1,3.946,3.865,3.806,3.793,3.755,3.664,3.604,3.514,3.552,2.702,2.736
890,MEXICO,Accommodation services for visitors (hotels and similar establishments),211.257,213.117,225.632,236.205,234.494,236.493,225.877,217.041,214.029,210.595,208.31,205.644,207.014,205.597,190.684,199.629,193.622,191.166,195.888,197.723,202.47,205.06,204.354,204.728,203.87,168.883,212.424,0.0
891,MEXICO,Other accommodation services,6.998,9.563,11.451,14.637,16.043,16.533,17.573,20.075,23.229,24.461,24.051,24.011,24.53,25.948,32.889,30.507,39.375,39.595,39.581,40.399,44.422,54.526,53.651,61.85,64.524,123.735,103.704,0.0
892,MEXICO,Food and beverage serving activities,709.768,678.922,686.335,696.58,699.108,725.619,725.137,702.999,696.197,703.788,711.494,708.199,712.774,719.539,707.87,702.223,700.586,711.288,716.696,698.147,703.055,707.667,673.998,691.592,708.015,584.451,644.476,0.0
893,MEXICO,Passenger transportation,421.363,442.532,461.16,487.142,496.869,521.343,530.157,515.681,510.603,522.723,527.398,529.022,543.936,538.837,534.589,542.421,546.943,549.208,554.154,563.016,575.567,586.717,599.796,610.279,613.254,530.533,538.928,0.0
894,MEXICO,Travel agencies and other reservation services activities,20.851,23.831,26.092,27.423,28.188,29.581,28.929,28.188,29.2,31.36,31.501,32.128,33.427,33.945,31.819,31.727,32.291,33.978,34.303,33.936,33.773,27.996,28.915,27.101,26.577,22.663,25.581,0.0
895,MEXICO,Other tourism industries,861.503,823.495,836.978,866.655,882.023,901.612,894.749,879.724,880.748,913.442,923.699,942.45,947.851,953.157,932.373,935.546,951.272,971.223,992.968,994.707,989.589,989.785,1006.249,926.77,993.574,896.445,994.662,0.0
904,"MOLDOVA, REPUBLIC OF",Accommodation services for visitors (hotels and similar establishments),0.0,0.0,0.0,0.0,0.0,0.0,0.0,0.0,0.0,0.0,0.0,0.0,0.0,1.7,1.6,1.6,1.6,1.6,1.6,1.6,1.6,1.6,1.6,1.7,1.8,1.1,1.2,1.2
908,"MOLDOVA, REPUBLIC OF",Travel agencies and other reservation services activities,0.0,0.0,0.0,0.0,0.0,0.0,0.0,0.0,0.0,0.0,0.0,0.0,0.0,1.5,1.3,1.3,1.3,1.5,1.4,1.5,1.5,1.5,1.5,1.5,1.6,1.4,1.4,1.4
911,MONACO,Accommodation services for visitors (hotels and similar establishments),0.0,0.0,0.0,0.0,0.0,0.0,0.0,0.0,0.0,0.0,0.0,0.0,0.0,0.0,0.0,0.0,0.0,0.0,4.1,4.0,3.8,3.7,5.7,5.8,5.9,5.5,5.1,5.371
913,MONACO,Food and beverage serving activities,0.0,0.0,0.0,0.0,0.0,0.0,0.0,0.0,0.0,0.0,0.0,0.0,0.0,0.0,0.0,0.0,0.0,0.0,1.8,1.8,1.8,1.8,1.9,2.0,2.0,1.7,2.1,2.477
918,MONGOLIA,Accommodation services for visitors (hotels and similar establishments),0.0,0.0,0.0,0.0,0.0,0.0,0.0,0.0,0.0,0.0,0.0,0.0,0.0,0.0,4.118,6.086,5.102,5.914,6.939,7.53,7.668,5.864,6.134,5.874,9.712,7.626,5.186,9.02
920,MONGOLIA,Food and beverage serving activities,0.0,0.0,0.0,0.0,0.0,0.0,0.0,0.0,0.0,0.0,0.0,0.0,0.0,0.0,19.187,21.651,21.283,24.321,24.777,29.023,30.137,26.279,30.315,31.611,26.569,22.368,32.423,22.998
921,MONGOLIA,Passenger transportation,0.0,0.0,0.0,0.0,0.0,0.0,0.0,0.0,0.0,0.0,0.0,0.0,0.0,0.0,45.513,47.768,37.267,14.801,16.523,14.39,15.556,13.822,14.491,13.208,17.868,14.536,8.624,9.718
922,MONGOLIA,Travel agencies and other reservation services activities,0.0,0.0,0.0,0.0,0.0,0.0,0.0,0.0,0.0,0.0,0.0,0.0,0.0,0.0,3.739,3.105,2.865,3.485,2.886,3.154,3.359,3.025,3.198,4.235,6.832,4.421,2.303,1.627
939,MOROCCO,Accommodation services for visitors (hotels and similar establishments),0.0,0.0,0.0,0.0,0.0,0.0,0.0,0.0,0.0,0.0,0.0,0.0,0.0,112.505,121.341,127.526,135.478,121.25,125.0,128.0,128.5,130.5,135.0,140.0,145.0,0.0,0.0,0.0
941,MOROCCO,Food and beverage serving activities,0.0,0.0,0.0,0.0,0.0,0.0,0.0,0.0,0.0,0.0,0.0,0.0,0.0,91.446,98.627,103.654,110.118,78.57,81.0,82.0,82.3,83.6,86.0,88.0,90.0,0.0,0.0,0.0
942,MOROCCO,Passenger transportation,0.0,0.0,0.0,0.0,0.0,0.0,0.0,0.0,0.0,0.0,0.0,0.0,0.0,34.799,37.532,39.445,41.904,31.04,32.0,34.0,34.1,34.6,36.0,36.0,38.0,0.0,0.0,0.0
943,MOROCCO,Travel agencies and other reservation services activities,0.0,0.0,0.0,0.0,0.0,0.0,0.0,0.0,0.0,0.0,0.0,0.0,0.0,19.483,21.013,22.084,23.461,21.34,22.0,22.3,22.4,22.7,23.0,24.0,25.0,0.0,0.0,0.0
944,MOROCCO,Other tourism industries,0.0,0.0,0.0,0.0,0.0,0.0,0.0,0.0,0.0,0.0,0.0,0.0,0.0,123.767,133.487,140.291,149.039,232.8,240.0,238.7,239.7,243.6,252.0,260.0,267.0,0.0,0.0,0.0
946,MOZAMBIQUE,Accommodation services for visitors (hotels and similar establishments),0.0,0.0,0.0,0.0,0.0,0.0,0.0,0.0,0.0,0.0,0.0,0.0,0.0,0.0,0.0,9.0,12.6,15.1,0.0,0.0,0.0,21.5,0.0,0.0,0.0,0.0,0.0,0.0
948,MOZAMBIQUE,Food and beverage serving activities,0.0,0.0,0.0,0.0,0.0,0.0,0.0,0.0,0.0,0.0,0.0,0.0,0.0,0.0,0.0,14.1,17.1,17.4,0.0,0.0,0.0,21.1,0.0,0.0,0.0,0.0,0.0,0.0
949,MOZAMBIQUE,Passenger transportation,0.0,0.0,0.0,0.0,0.0,0.0,0.0,0.0,0.0,0.0,0.0,0.0,0.0,0.0,0.0,8.3,10.0,10.0,0.0,0.0,0.0,0.0,0.0,0.0,0.0,0.0,0.0,0.0
950,MOZAMBIQUE,Travel agencies and other reservation services activities,0.0,0.0,0.0,0.0,0.0,0.0,0.0,0.0,0.0,0.0,0.0,0.0,0.0,0.0,0.0,0.2,0.2,0.7,0.0,0.0,0.0,1.3,0.0,0.0,0.0,0.0,0.0,0.0
951,MOZAMBIQUE,Other tourism industries,0.0,0.0,0.0,0.0,0.0,0.0,0.0,0.0,0.0,0.0,0.0,0.0,0.0,0.0,0.0,2.1,2.1,2.1,0.0,0.0,0.0,0.0,0.0,0.0,0.0,0.0,0.0,0.0
981,NETHERLANDS,Accommodation services for visitors (hotels and similar establishments),0.0,0.0,0.0,0.0,0.0,0.0,0.0,0.0,0.0,0.0,0.0,0.0,0.0,0.0,0.0,0.0,0.0,0.0,0.0,0.0,0.0,0.0,0.0,0.0,115.4,0.0,0.0,0.0
982,NETHERLANDS,Other accommodation services,0.0,0.0,0.0,0.0,0.0,0.0,0.0,0.0,0.0,0.0,0.0,0.0,0.0,0.0,0.0,0.0,0.0,0.0,0.0,0.0,0.0,0.0,0.0,0.0,58.8,0.0,0.0,0.0
983,NETHERLANDS,Food and beverage serving activities,0.0,0.0,0.0,0.0,0.0,0.0,0.0,0.0,0.0,0.0,0.0,0.0,0.0,0.0,0.0,0.0,0.0,0.0,0.0,0.0,0.0,0.0,0.0,0.0,502.5,0.0,0.0,0.0
995,NEW ZEALAND,Accommodation services for visitors (hotels and similar establishments),0.0,0.0,0.0,0.0,0.0,22.29,22.56,22.65,24.37,25.37,25.87,13.6,32.5,32.3,30.6,30.3,30.1,28.9,28.6,29.6,30.3,31.6,33.0,34.4,35.0,34.9,26.7,25.3
996,NEW ZEALAND,Other accommodation services,0.0,0.0,0.0,0.0,0.0,5.51,5.72,6.2,6.87,7.43,7.53,0.0,0.0,0.0,0.0,0.0,0.0,0.0,0.0,0.0,0.0,0.0,0.0,0.0,0.0,0.0,0.0,0.0
997,NEW ZEALAND,Food and beverage serving activities,0.0,0.0,0.0,0.0,0.0,61.96,63.67,67.4,69.84,73.5,74.33,20.0,101.4,103.9,99.4,97.7,99.1,101.2,103.1,106.3,112.8,119.5,127.8,130.7,134.4,136.5,133.4,134.3
998,NEW ZEALAND,Passenger transportation,0.0,0.0,0.0,0.0,0.0,0.0,0.0,0.0,0.0,0.0,0.0,0.0,23.02,24.23,25.05,22.9,23.1,23.2,22.9,14.78,15.76,11.3,12.1,12.2,12.5,12.6,11.0,10.4
999,NEW ZEALAND,Travel agencies and other reservation services activities,0.0,0.0,0.0,0.0,0.0,0.0,0.0,0.0,0.0,0.0,0.0,5.3,7.16,7.35,6.89,6.42,6.3,6.2,6.3,6.5,6.9,7.3,7.8,8.2,8.4,8.4,3.6,3.8
1000,NEW ZEALAND,Other tourism industries,0.0,0.0,0.0,0.0,0.0,0.0,0.0,0.0,0.0,0.0,0.0,54.0,0.0,0.0,0.0,1.9,1.9,1.9,1.9,2.2,2.0,2.2,2.4,0.0,0.0,0.0,0.0,0.0
1016,NIGERIA,Accommodation services for visitors (hotels and similar establishments),0.0,0.0,0.0,0.0,0.0,0.0,0.0,0.0,0.0,0.0,0.0,0.0,0.0,0.0,0.0,0.0,0.0,0.0,0.0,194.2,240.7,278.5,284.0,289.6,295.3,73.8,76.3,79.5
1017,NIGERIA,Other accommodation services,0.0,0.0,0.0,0.0,0.0,0.0,0.0,0.0,0.0,0.0,0.0,0.0,0.0,0.0,0.0,0.0,0.0,0.0,0.0,86.0,72.5,87.4,89.1,90.8,92.6,23.1,24.8,25.6
1018,NIGERIA,Food and beverage serving activities,0.0,0.0,0.0,0.0,0.0,0.0,0.0,0.0,0.0,0.0,0.0,0.0,0.0,0.0,0.0,0.0,0.0,0.0,0.0,416.0,562.0,842.5,859.3,876.4,893.9,223.4,230.2,237.4
1019,NIGERIA,Passenger transportation,0.0,0.0,0.0,0.0,0.0,0.0,0.0,0.0,0.0,0.0,0.0,0.0,0.0,0.0,0.0,0.0,0.0,0.0,0.0,47.4,51.8,56.4,57.5,58.6,59.7,14.9,15.4,16.9
1020,NIGERIA,Travel agencies and other reservation services activities,0.0,0.0,0.0,0.0,0.0,0.0,0.0,0.0,0.0,0.0,0.0,0.0,0.0,0.0,0.0,0.0,0.0,0.0,0.0,42.0,27.1,34.6,35.2,35.9,36.6,9.1,9.4,9.7
1021,NIGERIA,Other tourism industries,0.0,0.0,0.0,0.0,0.0,0.0,0.0,0.0,0.0,0.0,0.0,0.0,0.0,0.0,0.0,0.0,0.0,0.0,0.0,95.9,128.8,130.0,132.8,135.7,138.6,34.0,35.1,36.0
1044,NORWAY,Accommodation services for visitors (hotels and similar establishments),0.0,0.0,0.0,0.0,0.0,0.0,0.0,0.0,0.0,0.0,0.0,56.3,60.2,61.6,22.0,22.1,22.8,23.3,23.4,24.2,25.0,25.2,24.2,24.5,24.9,20.3,0.0,0.0
1046,NORWAY,Food and beverage serving activities,0.0,0.0,0.0,0.0,0.0,0.0,0.0,0.0,0.0,0.0,0.0,0.0,0.0,0.0,41.0,40.7,41.8,42.1,43.8,45.6,46.8,48.9,55.3,56.5,57.2,51.8,0.0,0.0
1047,NORWAY,Passenger transportation,0.0,0.0,0.0,0.0,0.0,0.0,0.0,0.0,0.0,0.0,0.0,45.9,47.4,48.2,49.5,49.9,49.3,49.8,50.1,50.3,50.6,51.1,50.6,51.1,51.7,48.3,0.0,0.0
1048,NORWAY,Travel agencies and other reservation services activities,0.0,0.0,0.0,0.0,0.0,0.0,0.0,0.0,0.0,0.0,0.0,4.4,4.8,4.9,5.4,5.0,5.1,5.3,5.3,5.2,5.5,5.4,5.5,5.7,5.8,4.3,0.0,0.0
1049,NORWAY,Other tourism industries,0.0,0.0,0.0,0.0,0.0,0.0,0.0,0.0,0.0,0.0,0.0,25.3,25.6,26.2,26.1,26.5,32.5,32.5,31.3,31.6,31.3,31.9,40.1,41.2,43.2,41.0,0.0,0.0
1072,PANAMA,Accommodation services for visitors (hotels and similar establishments),0.0,0.0,0.0,6.804,8.405,10.091,10.418,11.059,11.975,12.765,14.258,14.484,14.594,16.351,16.69,16.861,16.961,17.362,17.944,17.855,18.153,18.919,19.483,20.057,20.624,20.835,20.2,20.3
1074,PANAMA,Food and beverage serving activities,0.0,0.0,0.0,4.802,5.883,7.064,7.348,7.785,8.429,8.525,8.425,8.406,8.639,7.591,7.919,7.986,7.854,7.923,8.179,8.238,8.223,8.54,8.799,9.0,9.97,10.213,9.704,10.3
1077,PANAMA,Other tourism industries,0.0,0.0,0.0,45.483,55.756,66.939,69.608,74.362,76.956,83.525,89.06,88.982,95.78,103.689,103.775,104.924,105.895,106.698,106.91,107.834,108.453,108.363,109.795,109.991,110.024,109.825,111.549,111.2
1086,PARAGUAY,Accommodation services for visitors (hotels and similar establishments),0.0,0.0,0.0,0.0,0.0,0.0,0.0,0.0,0.0,0.0,0.0,2.66,2.759,3.126,3.651,4.33,5.3,6.1,6.9,6.8,7.4,7.9,8.0,7.3,8.4,6.6,6.0,6.6
1089,PARAGUAY,Passenger transportation,0.0,0.0,0.0,0.0,0.0,0.0,0.0,0.0,0.0,0.0,0.0,0.0,0.0,0.0,0.0,0.0,0.2,0.2,0.4,1.3,1.3,1.4,1.4,1.4,1.4,1.1,1.0,1.0
1090,PARAGUAY,Travel agencies and other reservation services activities,0.0,0.0,0.0,0.0,0.0,0.0,0.0,0.0,0.0,0.0,0.0,1.075,1.083,1.379,1.227,1.29,2.0,1.6,1.7,1.6,1.9,2.0,2.0,2.1,2.4,2.1,2.5,2.5
1093,PERU,Accommodation services for visitors (hotels and similar establishments),0.0,0.0,0.0,0.0,0.0,0.0,0.0,0.0,40.0,40.0,41.0,44.0,48.0,54.0,57.0,61.0,67.0,76.0,84.0,82.0,87.0,94.0,104.0,104.0,108.0,76.0,79.0,88.0
1100,PHILIPPINES,Accommodation services for visitors (hotels and similar establishments),0.0,0.0,0.0,0.0,0.0,684.0,668.0,693.0,750.0,806.0,861.0,893.0,907.0,953.0,1017.0,1045.0,1116.0,1579.0,1601.0,1694.0,1743.0,1756.0,1740.0,1729.0,1933.0,1468.0,1416.0,1716.0
1103,PHILIPPINES,Passenger transportation,0.0,0.0,0.0,0.0,0.0,1085.0,1157.0,1181.0,1262.0,1326.0,1339.0,1533.0,1598.0,1593.0,1762.0,1902.0,1870.0,1675.0,1746.0,1713.0,1779.0,1927.0,1995.0,2047.0,2184.0,1870.0,1873.0,1953.0
1104,PHILIPPINES,Travel agencies and other reservation services activities,0.0,0.0,0.0,0.0,0.0,115.0,124.0,126.0,127.0,137.0,142.0,23.0,26.0,26.0,26.0,26.0,30.0,26.0,29.0,30.0,26.0,33.0,35.0,38.0,40.0,38.0,43.0,49.0
1105,PHILIPPINES,Other tourism industries,0.0,0.0,0.0,0.0,0.0,755.0,775.0,799.0,801.0,808.0,794.0,1000.0,1018.0,1070.0,1107.0,1153.0,1250.0,1281.0,1333.0,1382.0,1423.0,1508.0,1499.0,1551.0,1562.0,1305.0,1563.0,1632.0
1107,POLAND,Accommodation services for visitors (hotels and similar establishments),0.0,0.0,0.0,0.0,0.0,0.0,0.0,0.0,0.0,0.0,40.5,39.3,0.0,46.8,0.0,39.0,0.0,0.0,0.0,0.0,0.0,0.0,0.0,0.0,0.0,0.0,0.0,0.0
1108,POLAND,Other accommodation services,0.0,0.0,0.0,0.0,0.0,0.0,0.0,0.0,0.0,0.0,26.1,28.3,0.0,33.1,0.0,15.6,0.0,0.0,0.0,0.0,0.0,0.0,0.0,0.0,0.0,0.0,0.0,0.0
1109,POLAND,Food and beverage serving activities,0.0,0.0,0.0,0.0,0.0,0.0,0.0,0.0,0.0,0.0,152.0,161.2,0.0,196.1,0.0,0.0,0.0,0.0,0.0,0.0,0.0,0.0,0.0,0.0,0.0,0.0,0.0,0.0
1110,POLAND,Passenger transportation,0.0,0.0,0.0,0.0,0.0,0.0,0.0,0.0,0.0,0.0,236.1,239.7,0.0,239.3,0.0,0.0,0.0,0.0,0.0,0.0,0.0,0.0,0.0,0.0,0.0,0.0,0.0,0.0
1111,POLAND,Travel agencies and other reservation services activities,0.0,0.0,0.0,0.0,0.0,0.0,0.0,0.0,0.0,0.0,13.0,15.5,0.0,18.0,0.0,19.3,0.0,0.0,0.0,0.0,0.0,0.0,0.0,0.0,0.0,0.0,0.0,0.0
1112,POLAND,Other tourism industries,0.0,0.0,0.0,0.0,0.0,0.0,0.0,0.0,0.0,0.0,139.4,143.6,0.0,153.5,0.0,0.0,0.0,0.0,0.0,0.0,0.0,0.0,0.0,0.0,0.0,0.0,0.0,0.0
1114,PORTUGAL,Accommodation services for visitors (hotels and similar establishments),0.0,0.0,0.0,0.0,0.0,0.0,0.0,0.0,0.0,0.0,55.909,58.285,59.4,63.819,0.0,0.0,56.435,54.1,54.9,59.1,69.7,80.3,93.0,107.6,115.8,103.5,101.416,0.0
1116,PORTUGAL,Food and beverage serving activities,0.0,0.0,0.0,0.0,0.0,0.0,0.0,0.0,0.0,0.0,197.961,203.086,206.1,206.521,0.0,0.0,230.39,216.3,212.4,216.2,223.8,237.5,253.5,267.5,283.4,262.3,257.573,0.0
1117,PORTUGAL,Passenger transportation,0.0,0.0,0.0,0.0,0.0,0.0,0.0,0.0,0.0,0.0,96.322,97.856,98.202,100.801,0.0,0.0,45.7,44.9,43.5,43.6,58.6,48.5,50.4,54.6,0.0,0.0,0.0,0.0
1118,PORTUGAL,Travel agencies and other reservation services activities,0.0,0.0,0.0,0.0,0.0,0.0,0.0,0.0,0.0,0.0,9.178,9.154,9.4,9.757,0.0,0.0,9.769,9.6,9.675,10.2,15.4,16.6,18.2,19.8,21.2,26.91,25.91,0.0
1119,PORTUGAL,Other tourism industries,0.0,0.0,0.0,0.0,0.0,0.0,0.0,0.0,0.0,0.0,36.631,37.661,37.748,39.493,0.0,0.0,0.0,0.0,0.0,0.0,5.4,6.9,8.5,10.0,11.1,10.6,10.575,0.0
1121,PUERTO RICO,Accommodation services for visitors (hotels and similar establishments),12.0,12.0,13.0,15.0,14.0,14.0,14.0,14.0,14.0,15.0,16.0,15.4,14.9,14.2,13.3,12.4,13.0,13.8,14.8,15.5,15.3,17.2,16.4,13.6,14.6,10.2,0.0,0.0
1122,PUERTO RICO,Other accommodation services,0.0,0.0,0.0,0.0,0.0,0.0,0.0,0.0,0.0,0.0,0.0,0.0,0.0,0.0,0.0,0.0,0.0,0.0,0.0,0.0,0.0,0.0,0.0,0.0,0.0,0.0,0.0,0.0
1123,PUERTO RICO,Food and beverage serving activities,0.0,0.0,0.0,0.0,0.0,0.0,0.0,0.0,0.0,0.0,0.0,0.0,0.0,0.0,0.0,0.0,0.0,0.0,0.0,0.0,0.0,59.7,58.4,58.0,62.4,43.3,0.0,0.0
1124,PUERTO RICO,Passenger transportation,0.0,0.0,0.0,0.0,0.0,0.0,0.0,0.0,0.0,0.0,0.0,0.0,0.0,0.0,0.0,0.0,0.0,0.0,0.0,0.0,0.0,5.3,5.3,5.0,5.1,4.4,0.0,0.0
1125,PUERTO RICO,Travel agencies and other reservation services activities,0.0,0.0,0.0,0.0,0.0,0.0,0.0,0.0,0.0,0.0,0.0,0.0,0.0,0.0,0.0,0.0,0.0,0.0,0.0,0.0,0.0,1.0,0.9,0.8,0.7,0.7,0.0,0.0
1126,PUERTO RICO,Other tourism industries,0.0,0.0,0.0,0.0,0.0,0.0,0.0,0.0,0.0,0.0,0.0,0.0,0.0,0.0,0.0,0.0,0.0,0.0,0.0,0.0,0.0,2.2,1.9,1.7,1.7,1.5,0.0,0.0
1135,REUNION,Accommodation services for visitors (hotels and similar establishments),0.0,0.0,0.0,0.0,0.0,0.0,0.0,0.0,0.0,0.0,1.86,1.403,1.355,1.289,1.484,1.619,1.644,1.6,1.7,1.7,1.9,1.7,1.7,1.7,1.8,2.0,0.0,0.0
1136,REUNION,Other accommodation services,0.0,0.0,0.0,0.0,0.0,0.0,0.0,0.0,0.0,0.0,0.282,0.268,0.239,0.234,0.231,0.207,0.195,0.2,0.2,0.2,0.2,0.2,0.2,0.2,0.2,0.3,0.0,0.0
1137,REUNION,Food and beverage serving activities,0.0,0.0,0.0,0.0,0.0,0.0,0.0,0.0,0.0,0.0,3.676,3.846,4.566,4.705,4.646,4.79,4.916,5.1,5.2,5.3,5.8,6.2,6.3,5.6,7.5,8.3,0.0,0.0
1138,REUNION,Passenger transportation,0.0,0.0,0.0,0.0,0.0,0.0,0.0,0.0,0.0,0.0,2.897,2.945,3.241,3.347,3.627,3.721,3.888,3.8,4.0,4.0,4.0,4.2,4.5,4.3,4.7,4.3,0.0,0.0
1139,REUNION,Travel agencies and other reservation services activities,0.0,0.0,0.0,0.0,0.0,0.0,0.0,0.0,0.0,0.0,0.635,0.601,0.631,0.626,0.555,0.648,0.7,0.6,0.7,0.6,0.7,0.7,0.7,0.7,0.7,0.6,0.0,0.0
1142,ROMANIA,Accommodation services for visitors (hotels and similar establishments),0.0,0.0,0.0,0.0,0.0,0.0,0.0,0.0,0.0,0.0,34.826,34.402,36.468,38.9,37.6,35.1,35.4,0.0,0.0,50.035,39.767,45.282,44.6,46.1,42.6,42.4,0.0,0.0
1143,ROMANIA,Other accommodation services,0.0,0.0,0.0,0.0,0.0,0.0,0.0,0.0,0.0,0.0,2.998,3.657,5.081,6.2,7.5,7.4,8.1,0.0,0.0,0.0,0.0,0.0,0.0,0.0,0.0,0.0,0.0,0.0
1144,ROMANIA,Food and beverage serving activities,0.0,0.0,0.0,0.0,0.0,0.0,0.0,0.0,0.0,0.0,71.484,79.778,88.618,94.4,94.5,93.2,102.0,0.0,0.0,111.812,126.42,144.122,142.2,165.0,171.5,152.0,0.0,0.0
1145,ROMANIA,Passenger transportation,0.0,0.0,0.0,0.0,0.0,0.0,0.0,0.0,0.0,0.0,205.894,207.045,219.578,226.8,215.8,202.2,210.6,0.0,0.0,131.894,123.046,125.039,125.7,189.6,183.9,180.7,0.0,0.0
1146,ROMANIA,Travel agencies and other reservation services activities,0.0,0.0,0.0,0.0,0.0,0.0,0.0,0.0,0.0,0.0,7.2,8.31,8.815,10.1,9.7,8.6,9.2,0.0,0.0,0.0,0.0,0.0,0.0,0.0,0.0,0.0,0.0,0.0
1147,ROMANIA,Other tourism industries,0.0,0.0,0.0,0.0,0.0,0.0,0.0,0.0,0.0,0.0,18.65,21.032,23.968,23.0,26.0,29.6,32.3,0.0,0.0,55.634,53.522,57.253,60.5,78.1,82.7,80.7,0.0,0.0
1149,RUSSIAN FEDERATION,Accommodation services for visitors (hotels and similar establishments),0.0,0.0,0.0,0.0,0.0,0.0,0.0,0.0,0.0,0.0,0.0,0.0,0.0,167.265,138.713,143.066,150.515,153.65,154.9,166.1,478.5,0.0,0.0,0.0,0.0,0.0,0.0,0.0
1150,RUSSIAN FEDERATION,Other accommodation services,0.0,0.0,0.0,0.0,0.0,0.0,0.0,0.0,0.0,0.0,0.0,0.0,0.0,350.381,329.665,311.765,301.222,289.49,273.8,289.4,811.5,0.0,0.0,0.0,0.0,0.0,0.0,0.0
1153,RUSSIAN FEDERATION,Travel agencies and other reservation services activities,0.0,0.0,0.0,0.0,0.0,0.0,0.0,0.0,0.0,0.0,0.0,0.0,0.0,41.586,39.727,48.312,47.452,48.662,50.144,45.5,48.4,40.0,47.2,66.7,61.3,0.0,0.0,0.0
1198,SAN MARINO,Accommodation services for visitors (hotels and similar establishments),0.0,0.0,0.0,0.0,0.0,0.0,0.084,0.06,0.046,0.045,0.048,0.06,0.077,0.095,0.0,0.085,0.119,0.139,0.14,0.129,0.111,0.7,0.7,0.7,0.7,0.146,0.2,0.0
1200,SAN MARINO,Food and beverage serving activities,0.0,0.0,0.0,0.0,0.0,0.0,0.385,0.401,0.393,0.413,0.399,0.41,0.483,0.513,0.0,0.539,0.529,0.523,0.559,0.574,0.63,0.0,0.0,0.0,0.0,0.73,0.9,0.0
1201,SAN MARINO,Passenger transportation,0.0,0.0,0.0,0.0,0.0,0.0,0.023,0.022,0.024,0.022,0.037,0.041,0.043,0.05,0.0,0.049,0.056,0.053,0.049,0.048,0.05,0.2,0.2,0.2,0.2,0.075,0.1,0.0
1202,SAN MARINO,Travel agencies and other reservation services activities,0.0,0.0,0.0,0.0,0.0,0.0,0.1,0.106,0.117,0.123,0.119,0.124,0.131,0.142,0.0,0.166,0.165,0.175,0.182,0.193,0.203,0.1,0.1,0.1,0.1,0.219,0.2,0.0
1212,SAUDI ARABIA,Accommodation services for visitors (hotels and similar establishments),0.0,0.0,0.0,0.0,0.0,0.0,0.0,0.0,0.0,70.138,71.229,74.74,67.081,82.5,82.826,83.906,97.675,103.798,110.236,54.2,49.6,51.0,48.5,50.16,52.59,39.53,56.94,61.91
1213,SAUDI ARABIA,Other accommodation services,0.0,0.0,0.0,0.0,0.0,0.0,0.0,0.0,0.0,0.0,0.0,0.0,0.0,0.0,0.0,0.0,0.0,0.0,0.0,60.9,55.6,57.2,66.48824269991471,68.74,72.08,54.19,41.55,48.19
1214,SAUDI ARABIA,Food and beverage serving activities,0.0,0.0,0.0,0.0,0.0,0.0,0.0,0.0,0.0,211.369,200.545,215.641,221.997,245.224,296.823,306.275,314.704,348.73,376.202,392.8,268.188,283.07,289.5,298.5,306.51,452.0,520.64,608.72
1215,SAUDI ARABIA,Passenger transportation,0.0,0.0,0.0,0.0,0.0,0.0,0.0,0.0,0.0,40.885,40.76,41.083,96.181,90.903,161.241,159.982,133.906,145.396,146.407,152.8,79.565,84.74368137518853,88.3,90.9,94.31,61.6,58.73,60.15
1216,SAUDI ARABIA,Travel agencies and other reservation services activities,0.0,0.0,0.0,0.0,0.0,0.0,0.0,0.0,0.0,11.128,9.467,10.769,8.315,10.127,11.793,11.928,12.488,13.83,35.278,36.8,15.23,24.092,25.1,25.6,26.33,14.47,15.77,19.89
1217,SAUDI ARABIA,Other tourism industries,0.0,0.0,0.0,0.0,0.0,0.0,0.0,0.0,0.0,0.0,10.273,13.322,32.987,37.768,63.802,67.218,70.573,86.36,128.947,134.6,9.06700000000001,17.12231862481144,18.1,18.6,19.33,57.75,69.32,81.28
1226,SERBIA,Accommodation services for visitors (hotels and similar establishments),0.0,0.0,0.0,0.0,0.0,0.0,0.0,0.0,71.852,80.735,80.01,14.4,15.0,15.9,16.1,15.0,14.0,11.8,8.0,9.6,12.9,12.2,13.9,15.4,15.7,13.1,11.5,16.7
1227,SERBIA,Other accommodation services,0.0,0.0,0.0,0.0,0.0,0.0,0.0,0.0,0.0,0.0,0.0,2.5,2.5,2.6,2.6,1.3,3.3,4.0,1.5,2.7,4.6,3.2,4.4,4.4,5.0,4.2,4.0,6.0
1228,SERBIA,Food and beverage serving activities,0.0,0.0,0.0,0.0,0.0,0.0,0.0,0.0,0.0,0.0,0.0,67.5,54.8,65.4,54.5,55.3,44.8,45.8,49.4,54.9,70.3,71.9,75.6,82.3,84.5,75.1,75.8,78.1
1229,SERBIA,Passenger transportation,0.0,0.0,0.0,0.0,0.0,0.0,0.0,0.0,0.0,0.0,0.0,0.0,0.0,0.0,0.0,74.7,65.8,61.0,66.0,66.0,61.2,59.9,62.2,59.5,53.2,52.2,55.2,55.2
1230,SERBIA,Travel agencies and other reservation services activities,0.0,0.0,0.0,0.0,0.0,0.0,0.0,0.0,0.0,0.0,0.0,4.4,5.3,4.9,3.9,6.5,6.1,4.9,2.7,2.2,6.0,5.9,3.8,3.3,4.0,3.8,2.9,3.7
1247,SIERRA LEONE,Accommodation services for visitors (hotels and similar establishments),0.0,0.0,0.0,0.0,0.0,0.0,0.0,0.0,0.0,0.0,0.0,0.0,1.288,1.94,1.626,1.9,2.587,3.13,6.0,3.605,1.7,0.0,2.5,4.1,3.9,4.0,4.2,0.0
1248,SIERRA LEONE,Other accommodation services,0.0,0.0,0.0,0.0,0.0,0.0,0.0,0.0,0.0,0.0,0.0,0.0,0.0,0.0,0.0,0.0,0.0,0.0,0.0,0.0,1.0,0.0,1.5,1.5,1.8,3.2,3.1,0.0
1249,SIERRA LEONE,Food and beverage serving activities,0.0,0.0,0.0,0.0,0.0,0.0,0.0,0.0,0.0,0.0,0.0,0.0,0.916,0.899,0.95,1.449,1.686,2.0,3.0,1.621,0.6,0.0,0.7,1.3,1.5,5.1,5.5,0.0
1250,SIERRA LEONE,Passenger transportation,0.0,0.0,0.0,0.0,0.0,0.0,0.0,0.0,0.0,0.0,0.0,0.0,0.0,0.0,0.0,0.0,0.0,0.1,0.2,0.0,0.0,0.0,28.0,26.6,25.5,23.4,23.7,0.0
1251,SIERRA LEONE,Travel agencies and other reservation services activities,0.0,0.0,0.0,0.0,0.0,0.0,0.0,0.0,0.0,0.0,0.0,0.0,0.216,0.232,0.195,0.189,0.26,0.5,0.7,0.378,0.5,0.0,2.6,4.2,4.5,3.1,3.2,0.0
1252,SIERRA LEONE,Other tourism industries,0.0,0.0,0.0,0.0,0.0,0.0,0.0,0.0,0.0,0.0,0.0,0.0,0.163,0.167,0.169,0.112,0.154,0.254,0.5,0.469,0.6,0.0,0.4,0.9,1.2,1.5,1.5,0.0
1275,SLOVAKIA,Accommodation services for visitors (hotels and similar establishments),0.0,0.0,0.0,0.0,0.0,0.0,0.0,0.0,0.0,0.0,13.1,13.147,13.9,14.4,11.7,10.9,13.1,12.2,12.8,14.0,14.7,15.4,15.9,16.3,16.8,0.0,0.0,0.0
1277,SLOVAKIA,Food and beverage serving activities,0.0,0.0,0.0,0.0,0.0,0.0,0.0,0.0,0.0,0.0,25.9,29.7,33.2,34.8,43.7,39.0,47.5,56.3,54.1,59.2,58.7,58.9,63.0,65.2,69.0,0.0,0.0,0.0
1278,SLOVAKIA,Passenger transportation,0.0,0.0,0.0,0.0,0.0,0.0,0.0,0.0,0.0,0.0,30.3,22.6,22.4,22.1,21.1,22.1,22.4,22.6,21.0,22.2,23.5,23.9,24.4,25.3,25.5,0.0,0.0,0.0
1279,SLOVAKIA,Travel agencies and other reservation services activities,0.0,0.0,0.0,0.0,0.0,0.0,0.0,0.0,0.0,0.0,2.0,1.8,2.4,2.2,2.8,2.8,2.2,2.3,2.3,2.3,2.2,2.7,2.6,2.8,2.9,0.0,0.0,0.0
1280,SLOVAKIA,Other tourism industries,0.0,0.0,0.0,0.0,0.0,0.0,0.0,0.0,0.0,0.0,19.5,19.7,19.0,19.4,20.1,19.9,21.7,21.7,21.7,24.5,25.1,25.9,26.8,26.9,27.8,0.0,0.0,0.0
1282,SLOVENIA,Accommodation services for visitors (hotels and similar establishments),0.0,0.0,0.0,7.2,7.539,7.9,7.7,7.7,7.8,8.2,8.5,8.9,9.4,9.7,9.398,9.177,9.052,8.899,8.4,8.3,8.4,8.6,9.2,9.5,9.7,8.1,9.471,9.6
1283,SLOVENIA,Other accommodation services,0.0,0.0,0.0,0.433,1.337,1.3,1.3,1.3,1.2,1.2,1.2,1.2,1.2,1.2,1.209,1.219,1.2,1.165,1.2,1.2,1.2,1.3,1.3,1.4,1.4,1.5,2.178,2.1
1284,SLOVENIA,Food and beverage serving activities,0.0,0.0,0.0,20.156,21.19,21.1,21.1,21.3,21.5,21.2,21.6,22.1,22.6,23.1,22.942,21.758,21.755,20.996,20.7,21.7,22.4,24.0,24.5,25.3,26.1,22.6,24.693,25.4
1285,SLOVENIA,Passenger transportation,0.0,0.0,0.0,8.147,8.029,5.5,5.3,5.1,5.1,5.1,5.2,5.2,5.4,6.4,6.502,6.097,6.147,6.183,6.1,6.4,6.5,6.7,7.1,7.5,7.1,6.4,6.331,6.5
1286,SLOVENIA,Travel agencies and other reservation services activities,0.0,0.0,0.0,1.751,1.767,1.9,1.9,1.6,1.6,1.6,1.6,1.6,1.7,1.9,1.786,1.783,1.743,1.847,1.8,1.8,1.9,1.9,2.1,2.3,2.4,1.7,1.791,2.0
1287,SLOVENIA,Other tourism industries,0.0,0.0,0.0,7.197,7.843,7.4,7.5,8.0,8.2,8.5,9.1,9.5,10.1,10.7,10.783,10.601,10.478,10.281,10.3,10.7,11.1,11.6,11.9,12.2,12.5,11.9,11.969,12.2
1303,SOUTH AFRICA,Accommodation services for visitors (hotels and similar establishments),0.0,0.0,0.0,0.0,0.0,0.0,0.0,0.0,0.0,0.0,101.608,100.04,108.605,109.0,107.6,112.7,125.3,119.4,102.1,113.8,132.9,127.6,127.3,125.8,118.2,93.7,0.0,0.0
1304,SOUTH AFRICA,Other accommodation services,0.0,0.0,0.0,0.0,0.0,0.0,0.0,0.0,0.0,0.0,0.0,0.0,0.0,0.0,0.0,0.0,0.0,0.0,0.0,0.0,0.0,0.0,0.0,0.0,0.0,0.0,0.0,0.0
1305,SOUTH AFRICA,Food and beverage serving activities,0.0,0.0,0.0,0.0,0.0,0.0,0.0,0.0,0.0,0.0,79.683,104.27,105.827,107.7,101.6,107.8,123.7,121.2,117.7,125.3,113.1,122.3,94.4,97.0,144.6,81.1,0.0,0.0
1306,SOUTH AFRICA,Passenger transportation,0.0,0.0,0.0,0.0,0.0,0.0,0.0,0.0,0.0,0.0,179.418,192.807,191.233,215.0,194.3,202.7,222.4,244.0,239.5,233.0,209.2,195.6,187.0,222.8,287.2,171.3,0.0,0.0
1307,SOUTH AFRICA,Travel agencies and other reservation services activities,0.0,0.0,0.0,0.0,0.0,0.0,0.0,0.0,0.0,0.0,22.869,15.572,16.58,20.2,21.8,22.2,19.2,17.8,24.7,30.1,29.1,30.8,31.0,31.3,32.5,24.0,0.0,0.0
1308,SOUTH AFRICA,Other tourism industries,0.0,0.0,0.0,0.0,0.0,0.0,0.0,0.0,0.0,0.0,123.807,141.024,147.432,155.1,128.7,121.9,132.3,144.0,174.9,186.3,151.2,154.2,136.2,146.6,197.6,89.4,0.0,0.0
1317,SPAIN,Accommodation services for visitors (hotels and similar establishments),0.0,162.02,170.01,177.382,195.54,210.712,216.686,232.272,248.709,267.023,283.073,285.268,307.148,294.5,284.0,294.438,320.012,282.136,276.159,281.373,303.2,354.7,354.7,361.4,360.134,276.2,271.6,368.05187250000006
1318,SPAIN,Other accommodation services,0.0,26.088,28.461,23.433,23.388,22.797,24.445,29.208,32.182,30.276,30.592,27.002,29.742,34.4,37.8,31.124,40.739,38.287,37.03,40.368,41.1,41.3,47.8,47.8,47.67,42.461,46.2,49.446709999999996
1319,SPAIN,Food and beverage serving activities,0.0,601.512,625.034,651.808,704.272,770.072,782.33,840.656,855.983,903.218,977.466,1090.426,1113.634,1123.66,1101.5,1057.623,1040.288,1016.518,1019.399,1082.036,1160.8,1208.2,1234.6,1298.5,1307.576,1113.39,1144.2,1222.8668299999963
1320,SPAIN,Passenger transportation,0.0,511.392,533.924,540.67,557.653,584.257,582.766,618.639,650.314,643.369,630.752,660.688,672.514,688.6,277.4,280.767,273.173,257.89,257.342,267.55,264.9,269.0,278.9,281.3,317.596,288.436,265.4,281.95193249999966
1321,SPAIN,Travel agencies and other reservation services activities,0.0,28.082,27.2,35.395,34.994,38.064,48.438,49.054,48.399,47.335,60.95,61.372,71.96,61.9,57.1,55.692,53.719,54.354,55.724,62.144,74.7,65.1,65.5,78.7,70.119,63.124,66.3,69.31019999999997
1322,SPAIN,Other tourism industries,0.0,245.578,252.655,257.359,256.685,292.462,301.319,305.086,327.198,346.015,362.683,373.453,380.767,420.3,400.7,432.4,432.971,427.84,437.89,469.573,477.6,509.5,529.3,537.1,570.425,550.089,573.8,642.122980000004
1324,SRI LANKA,Accommodation services for visitors (hotels and similar establishments),0.0,0.0,0.0,0.0,0.0,0.0,0.0,0.0,0.0,0.0,0.0,0.0,0.0,31.626,31.891,33.132,39.901,47.7,90.4,105.001,109.567,118.258,127.475,136.782,139.754,141.668,143.2,157.2
1326,SRI LANKA,Food and beverage serving activities,0.0,0.0,0.0,0.0,0.0,0.0,0.0,0.0,0.0,0.0,0.0,0.0,0.0,0.0,0.0,0.0,0.0,0.0,0.0,0.0,0.0,0.0,0.0,0.0,0.0,0.0,0.0,10.1
1327,SRI LANKA,Passenger transportation,0.0,0.0,0.0,0.0,0.0,0.0,0.0,0.0,0.0,0.0,0.0,0.0,0.0,5.251,5.245,5.53,5.655,5.7,5.9,5.936,6.369,7.154,7.521,8.267,8.629,8.752,8.5,13.3
1328,SRI LANKA,Travel agencies and other reservation services activities,0.0,0.0,0.0,0.0,0.0,0.0,0.0,0.0,0.0,0.0,0.0,0.0,0.0,6.725,7.134,7.961,4.236,6.4,7.0,9.092,9.483,9.734,9.949,11.256,11.759,11.926,11.9,9.9
1329,SRI LANKA,Other tourism industries,0.0,0.0,0.0,0.0,0.0,0.0,0.0,0.0,0.0,0.0,0.0,0.0,0.0,7.704,7.801,8.4,7.994,8.0,9.2,9.761,10.511,10.969,11.424,12.698,13.45,13.644,13.9,0.0
1331,STATE OF PALESTINE,Accommodation services for visitors (hotels and similar establishments),0.0,0.0,0.0,0.0,0.0,0.0,0.0,0.0,0.0,0.0,0.0,0.0,1.3,0.0,1.5,1.974,2.7,3.1,2.9,3.3,3.0,2.5,3.0,3.0,2.9,3.5,4.1,0.0
1333,STATE OF PALESTINE,Food and beverage serving activities,0.0,0.0,0.0,0.0,0.0,0.0,0.0,0.0,0.0,0.0,0.0,0.0,6.4,0.0,8.3,8.049,8.777,13.5,13.6,16.3,14.1,18.7,20.8,20.9,26.2,22.6,27.3,0.0
1334,STATE OF PALESTINE,Passenger transportation,0.0,0.0,0.0,0.0,0.0,0.0,0.0,0.0,0.0,0.0,0.0,0.0,0.0,0.0,0.0,0.9,0.9,0.6,0.3,0.4,0.5,1.3,1.2,1.3,0.8,5.0,4.9,0.0
1335,STATE OF PALESTINE,Travel agencies and other reservation services activities,0.0,0.0,0.0,0.0,0.0,0.0,0.0,0.0,0.0,0.0,0.0,0.0,0.7,0.0,0.7,0.511,0.807,0.8,0.9,0.8,0.8,0.9,1.1,1.1,1.5,1.2,0.9,0.0
1336,STATE OF PALESTINE,Other tourism industries,0.0,0.0,0.0,0.0,0.0,0.0,0.0,0.0,0.0,0.0,0.0,0.0,2.2,0.0,5.1,4.628,2.801,5.1,3.5,5.7,3.3,5.2,7.9,8.6,10.2,4.0,3.6,0.0
1352,SWEDEN,Accommodation services for visitors (hotels and similar establishments),0.0,0.0,0.0,0.0,0.0,0.0,0.0,0.0,0.0,0.0,0.0,0.0,0.0,0.0,0.0,0.0,0.0,0.0,0.0,0.0,31.5,33.3,48.8,50.0,50.4,37.6,36.1,0.0
1354,SWEDEN,Food and beverage serving activities,0.0,0.0,0.0,0.0,0.0,0.0,0.0,0.0,0.0,0.0,0.0,0.0,0.0,0.0,0.0,0.0,0.0,0.0,0.0,0.0,23.1,23.3,141.9,141.9,139.7,124.7,119.6,0.0
1355,SWEDEN,Passenger transportation,0.0,0.0,0.0,0.0,0.0,0.0,0.0,0.0,0.0,0.0,0.0,0.0,0.0,0.0,0.0,0.0,0.0,0.0,0.0,0.0,14.6,14.7,45.4,46.0,44.8,38.5,39.1,0.0
1356,SWEDEN,Travel agencies and other reservation services activities,0.0,0.0,0.0,0.0,0.0,0.0,0.0,0.0,0.0,0.0,0.0,0.0,0.0,0.0,0.0,0.0,0.0,0.0,0.0,0.0,10.5,9.7,11.1,10.9,10.7,8.9,9.1,0.0
1357,SWEDEN,Other tourism industries,0.0,0.0,0.0,0.0,0.0,0.0,0.0,0.0,0.0,0.0,0.0,0.0,0.0,0.0,0.0,0.0,0.0,0.0,0.0,0.0,56.3,57.4,37.2,38.2,38.9,34.7,33.6,0.0
1359,SWITZERLAND,Accommodation services for visitors (hotels and similar establishments),0.0,0.0,0.0,0.0,0.0,0.0,33.51265674994912,32.38055136240925,30.990654407824444,30.82571730885482,30.567783591728833,30.68589956758432,31.911595827981603,31.212940583167402,30.08831350010275,31.854634460727357,29.827159602337918,29.928696199468426,31.097195952137206,32.094595267331165,31.431903709461817,31.723943366091365,32.06345929922914,32.96249425250128,32.1851582320138,27.071707846290504,27.0323677637345,0.0
1360,SWITZERLAND,Other accommodation services,0.0,0.0,0.0,0.0,0.0,0.0,2.98269476631202,2.9298738784300733,2.8448042158520987,2.8190758338625255,2.771874413477857,2.887118691080036,3.0450608342089835,3.2310175694311996,3.194615066089121,3.2145753934242682,3.14379,3.23376,3.3026400000000002,3.3998600000000003,3.3912300000000006,3.34519,3.30645,3.44644,3.56194,3.47703,3.4391732544631988,0.0
1361,SWITZERLAND,Food and beverage serving activities,0.0,0.0,0.0,0.0,0.0,0.0,41.558779992253,41.27752516372477,41.1756290491562,41.32500444039416,41.600659341954184,42.09258860864148,42.58055892522157,43.02069370820728,43.0220502657779,42.293805702795,36.483794832070735,38.45422485385926,41.60564927868215,42.519258022712805,41.79228426360387,42.78252262334322,43.81499581232011,46.38433311784723,45.060868133752294,30.859805816480982,39.14683877290731,0.0
1362,SWITZERLAND,Passenger transportation,0.0,0.0,0.0,0.0,0.0,0.0,26.548750896690503,26.75694349028942,26.566864791632252,25.974543362068054,25.624518834092125,25.80783241604298,26.6084356722671,27.783555498370873,28.00744267123408,28.639110201685124,30.073249152061713,30.587281881125527,31.58580224959088,32.02134575526303,31.785060323505,32.20141144674058,32.721616421775806,33.507234538856586,34.6894248178547,33.83251747684617,33.32437380504258,0.0
1363,SWITZERLAND,Travel agencies and other reservation services activities,0.0,0.0,0.0,0.0,0.0,0.0,10.014930580685636,10.239421414655776,10.559628159366431,11.016154069698768,11.375824443490393,11.917977155250659,12.6106197957748,13.450183829101766,13.601965067446875,13.494002834005567,13.44709,13.42065,13.43537,13.540899999999999,13.21023,12.99781,13.53287,13.55506,13.43518,10.66658,10.433422025173995,0.0
1364,SWITZERLAND,Other tourism industries,0.0,0.0,0.0,0.0,0.0,0.0,36.52100674826935,36.511884163663076,36.94047869953439,37.64421013494793,38.110823786419296,38.82746405580865,39.2577942454703,40.00106492729029,40.09318087479321,40.449641002678824,40.820213529554245,41.5953708291673,42.42953727448492,43.109178535213495,43.51201149492119,43.39538511517364,43.89504155195271,44.658747451439325,45.286973895832396,44.212756129102026,44.71549246143236,0.0
1373,TAIWAN PROVINCE OF CHINA,Accommodation services for visitors (hotels and similar establishments),0.0,0.0,0.0,0.0,0.0,0.0,0.0,0.0,0.0,0.0,0.0,0.0,0.0,0.0,0.0,63.1,65.4,68.0,70.2,75.7,84.7,93.1,0.0,0.0,0.0,0.0,0.0,0.0
1377,TAIWAN PROVINCE OF CHINA,Travel agencies and other reservation services activities,0.0,0.0,0.0,0.0,0.0,0.0,0.0,0.0,0.0,0.0,0.0,0.0,0.0,0.0,0.0,69.1,75.5,82.8,86.4,91.3,95.9,99.4,100.7,101.6,105.2,102.9,100.1,101.7
1378,TAIWAN PROVINCE OF CHINA,Other tourism industries,0.0,0.0,0.0,0.0,0.0,0.0,0.0,0.0,0.0,0.0,0.0,0.0,0.0,0.0,0.0,4.1,4.1,3.9,3.9,4.7,4.6,4.6,0.0,0.0,0.0,0.0,0.0,0.0
1380,TAJIKISTAN,Accommodation services for visitors (hotels and similar establishments),0.0,0.0,0.0,0.0,0.0,0.0,0.0,0.0,0.0,0.0,0.0,0.0,0.0,0.0,0.0,0.0,0.0,1.0,1.5,0.0,1.6,1.7,1.7,3.7,0.0,0.0,0.0,0.0
1381,TAJIKISTAN,Other accommodation services,0.0,0.0,0.0,0.0,0.0,0.0,0.0,0.0,0.0,0.0,0.0,0.0,0.0,0.0,0.0,0.0,0.0,2.0,0.3,0.0,1.0,1.0,1.1,0.7,0.0,0.0,0.0,0.0
1382,TAJIKISTAN,Food and beverage serving activities,0.0,0.0,0.0,0.0,0.0,0.0,0.0,0.0,0.0,0.0,0.0,0.0,0.0,0.0,0.0,0.0,0.0,15.0,16.5,0.0,16.7,17.0,17.2,17.4,0.0,0.0,0.0,0.0
1383,TAJIKISTAN,Passenger transportation,0.0,0.0,0.0,0.0,0.0,0.0,0.0,0.0,0.0,0.0,0.0,0.0,0.0,0.0,0.0,0.0,0.0,0.2,0.5,0.0,0.7,0.7,0.8,0.9,0.0,0.0,0.0,0.0
1384,TAJIKISTAN,Travel agencies and other reservation services activities,0.0,0.0,0.0,0.0,0.0,0.0,0.0,0.0,0.0,0.0,0.0,0.0,0.0,0.0,0.0,0.0,0.0,0.3,0.4,0.0,0.5,0.7,0.9,0.9,0.0,0.0,0.0,0.0
1385,TAJIKISTAN,Other tourism industries,0.0,0.0,0.0,0.0,0.0,0.0,0.0,0.0,0.0,0.0,0.0,0.0,0.0,0.0,0.0,0.0,0.0,0.1,0.2,0.0,0.3,0.3,0.4,0.3,0.0,0.0,0.0,0.0
1394,THAILAND,Accommodation services for visitors (hotels and similar establishments),0.0,0.0,0.0,0.0,0.0,0.0,0.0,0.0,0.0,0.0,0.0,0.0,0.0,0.0,0.0,0.0,0.0,0.0,494.6,503.9,516.1,532.6,0.0,0.0,0.0,0.0,0.0,0.0
1396,THAILAND,Food and beverage serving activities,0.0,0.0,0.0,0.0,0.0,0.0,0.0,0.0,0.0,0.0,0.0,0.0,0.0,0.0,0.0,0.0,0.0,0.0,2083.3,2100.9,2129.4,2198.3,0.0,0.0,0.0,0.0,0.0,0.0
1397,THAILAND,Passenger transportation,0.0,0.0,0.0,0.0,0.0,0.0,0.0,0.0,0.0,0.0,0.0,0.0,0.0,0.0,0.0,0.0,0.0,0.0,695.8,700.4,716.7,718.8,0.0,0.0,0.0,0.0,0.0,0.0
1398,THAILAND,Travel agencies and other reservation services activities,0.0,0.0,0.0,0.0,0.0,0.0,0.0,0.0,0.0,0.0,0.0,0.0,0.0,0.0,0.0,0.0,0.0,0.0,68.2,64.5,70.0,70.8,0.0,0.0,0.0,0.0,0.0,0.0
1399,THAILAND,Other tourism industries,0.0,0.0,0.0,0.0,0.0,0.0,0.0,0.0,0.0,0.0,0.0,0.0,0.0,0.0,0.0,0.0,0.0,0.0,727.5,719.8,735.9,737.2,0.0,0.0,0.0,0.0,0.0,0.0
1408,TOGO,Accommodation services for visitors (hotels and similar establishments),1.575,0.844,1.115,1.288,1.462,1.354,1.365,1.603,1.646,1.385,1.437,1.577,1.581,1.5,1.6,1.8,4.3,4.3,4.3,4.3,4.3,4.0,12.0,12.0,12.0,0.0,0.0,0.0
1436,TÜRKIYE,Accommodation services for visitors (hotels and similar establishments),0.0,0.0,0.0,0.0,0.0,0.0,0.0,0.0,0.0,0.0,0.0,0.0,0.0,0.0,0.0,0.0,0.0,230.0,260.0,250.0,287.0,252.0,278.0,331.0,352.0,280.0,293.2,355.0
1438,TÜRKIYE,Food and beverage serving activities,0.0,0.0,0.0,0.0,0.0,0.0,0.0,0.0,0.0,0.0,0.0,0.0,0.0,0.0,0.0,0.0,0.0,676.0,743.0,767.0,840.0,841.0,864.0,905.0,918.0,732.0,747.9,938.0
1439,TÜRKIYE,Passenger transportation,0.0,0.0,0.0,0.0,0.0,0.0,0.0,0.0,0.0,0.0,0.0,0.0,0.0,0.0,0.0,0.0,0.0,165.0,193.0,192.0,204.0,228.0,252.0,264.0,263.0,234.0,237.7,256.0
1440,TÜRKIYE,Travel agencies and other reservation services activities,0.0,0.0,0.0,0.0,0.0,0.0,0.0,0.0,0.0,0.0,0.0,0.0,0.0,0.0,0.0,0.0,0.0,29.0,32.0,39.0,37.0,42.0,36.0,37.0,41.0,32.0,45.1,48.0
1441,TÜRKIYE,Other tourism industries,0.0,0.0,0.0,0.0,0.0,0.0,0.0,0.0,0.0,0.0,0.0,0.0,0.0,0.0,0.0,0.0,0.0,0.0,0.0,0.0,0.0,82.0,88.0,109.0,100.0,77.0,113.1,91.0
1464,UGANDA,Accommodation services for visitors (hotels and similar establishments),0.0,0.0,0.0,0.0,0.0,0.0,0.0,0.0,0.0,0.0,0.0,0.0,0.0,0.0,0.0,0.0,0.0,0.0,0.0,0.0,0.0,0.0,0.0,0.0,8.425,0.0,21.474,21.474
1466,UGANDA,Food and beverage serving activities,0.0,0.0,0.0,0.0,0.0,0.0,0.0,0.0,0.0,0.0,0.0,0.0,0.0,0.0,0.0,0.0,0.0,0.0,0.0,0.0,0.0,0.0,0.0,0.0,189.874,0.0,133.194,133.194
1467,UGANDA,Passenger transportation,0.0,0.0,0.0,0.0,0.0,0.0,0.0,0.0,0.0,0.0,0.0,0.0,0.0,0.0,0.0,0.0,0.0,0.0,0.0,0.0,0.0,0.0,0.0,0.0,351.812,0.0,419.4,419.4
1468,UGANDA,Travel agencies and other reservation services activities,0.0,0.0,0.0,0.0,0.0,0.0,0.0,0.0,0.0,0.0,0.0,0.0,0.0,0.0,0.0,0.0,0.0,0.0,0.0,0.0,0.0,0.0,0.0,0.0,2.374,0.0,4.436,4.436
1469,UGANDA,Other tourism industries,0.0,0.0,0.0,0.0,0.0,0.0,0.0,0.0,0.0,0.0,0.0,0.0,0.0,0.0,0.0,0.0,0.0,0.0,0.0,0.0,0.0,0.0,0.0,0.0,21.022,0.0,32.302,32.302
1478,UNITED ARAB EMIRATES,Accommodation services for visitors (hotels and similar establishments),0.0,0.0,0.0,0.0,0.0,0.0,0.0,0.0,0.0,0.0,0.0,0.0,0.0,0.0,0.0,0.0,0.0,0.0,0.0,0.0,0.0,0.0,6.6,104.1,95.5,59.514,92.622,0.0
1480,UNITED ARAB EMIRATES,Food and beverage serving activities,0.0,0.0,0.0,0.0,0.0,0.0,0.0,0.0,0.0,0.0,0.0,0.0,0.0,0.0,0.0,0.0,0.0,0.0,0.0,0.0,0.0,0.0,140.4,278.8,286.1,197.178,207.58,0.0
1481,UNITED ARAB EMIRATES,Passenger transportation,0.0,0.0,0.0,0.0,0.0,0.0,0.0,0.0,0.0,0.0,0.0,0.0,0.0,0.0,0.0,0.0,0.0,0.0,0.0,0.0,0.0,0.0,65.5,112.5,156.0,127.129,122.794,0.0
1482,UNITED ARAB EMIRATES,Travel agencies and other reservation services activities,0.0,0.0,0.0,0.0,0.0,0.0,0.0,0.0,0.0,0.0,0.0,0.0,0.0,0.0,0.0,0.0,0.0,0.0,0.0,0.0,0.0,0.0,8.1,52.6,58.2,33.94,57.605,0.0
1483,UNITED ARAB EMIRATES,Other tourism industries,0.0,0.0,0.0,0.0,0.0,0.0,0.0,0.0,0.0,0.0,0.0,0.0,0.0,0.0,0.0,0.0,0.0,0.0,0.0,0.0,0.0,0.0,18.4,31.8,39.2,24.299,28.152,0.0
1485,UNITED KINGDOM,Accommodation services for visitors (hotels and similar establishments),0.0,0.0,0.0,0.0,0.0,0.0,0.0,0.0,0.0,0.0,0.0,0.0,332.0,321.19,309.5755556959695,308.41834126564424,343.191,339.07599999999996,346.483,351.5,371.5,293.5,0.0,0.0,0.0,0.0,0.0,0.0
1486,UNITED KINGDOM,Other accommodation services,0.0,0.0,0.0,0.0,0.0,0.0,0.0,0.0,0.0,0.0,0.0,0.0,64.0,62.06,67.42444430403049,67.5816587343557,73.80900000000003,72.92400000000004,74.517,79.1,83.6,85.2,0.0,0.0,0.0,0.0,0.0,0.0
1487,UNITED KINGDOM,Food and beverage serving activities,0.0,0.0,0.0,0.0,0.0,0.0,0.0,0.0,0.0,0.0,0.0,0.0,1451.0,1494.74,1450.0000000000002,1414.0,1437.0000000000002,1452.0,1424.0,1604.0,1420.0,1396.3,0.0,0.0,0.0,0.0,0.0,0.0
1488,UNITED KINGDOM,Passenger transportation,0.0,0.0,0.0,0.0,0.0,0.0,0.0,0.0,0.0,0.0,0.0,0.0,249.0,238.21,227.06236537269888,222.87653206115905,218.88722732928258,220.92796228137124,223.48828675902735,226.0,224.0,232.9,0.0,0.0,0.0,0.0,0.0,0.0
1489,UNITED KINGDOM,Travel agencies and other reservation services activities,0.0,0.0,0.0,0.0,0.0,0.0,0.0,0.0,0.0,0.0,0.0,0.0,111.0,106.0,88.99999999999999,92.0,93.99999999999999,99.0,94.99999999999999,93.0,105.4,100.0,0.0,0.0,0.0,0.0,0.0,0.0
1490,UNITED KINGDOM,Other tourism industries,0.0,0.0,0.0,0.0,0.0,0.0,0.0,0.0,0.0,0.0,0.0,0.0,520.0,521.06,505.3294171220904,517.5795763640086,504.8597836328362,525.5294754890477,545.4149469277419,548.4,592.3,635.0,0.0,0.0,0.0,0.0,0.0,0.0
1492,UNITED STATES OF AMERICA,Accommodation services for visitors (hotels and similar establishments),0.0,0.0,0.0,1370.98528959165,1397.72023081764,1421.89259751718,1386.88121198661,1342.57366331518,1348.13568425306,1358.38211711449,1372.33226348056,1380.60086108568,1381.22175409124,1393.54499228556,1297.00483140939,1309.84173709983,1342.86794407652,1374.40030856147,1400.24103578094,1430.31468964066,1460.09165566626,1480.9569086586,1512.71433327905,1537.0,1565.0,1083.0,0.0,0.0
1493,UNITED STATES OF AMERICA,Other accommodation services,0.0,0.0,0.0,15.2900998150195,15.4270146255871,16.4296825457141,16.4231240288613,15.8168124598412,16.4420121998554,16.3347099581968,16.1861850940439,16.4886919042284,17.6870662870469,19.2056438182108,18.3135563315924,16.8887789804507,16.302953146776,15.5197592788275,15.2553975768467,14.6679313293439,13.9272069437938,13.390282763698,13.1512747463405,16.0,15.0,15.0,0.0,0.0
1494,UNITED STATES OF AMERICA,Food and beverage serving activities,0.0,0.0,0.0,1681.16936101491,1713.13957686891,1702.39388638892,1642.02377202824,1668.93073464687,1656.17905617771,1696.31189145415,1744.786348546,1741.31947598738,1495.5621481539,1419.90575924056,1252.52641098918,1322.95319459385,1393.16482093366,1476.0416605567,1563.61308178022,1640.85573413551,1662.32722428531,1683.64000064662,1652.13097718612,1776.0,1701.0,878.0,0.0,0.0
1495,UNITED STATES OF AMERICA,Passenger transportation,0.0,0.0,0.0,1205.1850474946232,1228.8817106775691,1250.1962902632638,1244.7585188022204,1182.4305117351855,1117.53735250537,1101.6091172316055,1087.3230276598058,1074.5294965755722,1063.9285253509083,1039.323614647752,965.4233138030456,947.8536054345097,989.5379475827272,1005.044685610829,1028.5609065298188,1035.7781524782606,1087.1395539864734,1115.8265312774213,1159.7162006591493,795.0,818.0,611.0,0.0,0.0
1496,UNITED STATES OF AMERICA,Travel agencies and other reservation services activities,0.0,0.0,0.0,275.443879644694,278.580834726161,283.508736866539,277.528636160685,245.063175190559,229.000761309972,220.210735041123,213.393586285218,214.134503849279,212.470178029015,207.777260833502,181.577444118456,175.028543089194,176.641467514307,180.758810089271,181.435494297497,178.216586977053,184.072795777622,196.093002091791,198.333437045092,204.0,203.0,156.0,0.0,0.0
1497,UNITED STATES OF AMERICA,Other tourism industries,0.0,0.0,0.0,1461.2300240371378,1493.1514981150085,1563.9301147658903,1473.5396968957762,1457.0112199955317,1450.214153554533,1493.622335741018,1476.016635048522,1474.8133730161305,1425.607977614066,1349.1364646944176,1197.4683129036716,1141.88262986221,1187.1600555083592,1195.860459335885,1268.9915040202095,1272.4248536281368,1280.901807621712,1299.3798752951404,1298.7465463570368,1775.0,1768.0,1144.0,0.0,0.0
1499,UNITED STATES VIRGIN ISLANDS,Accommodation services for visitors (hotels and similar establishments),0.0,0.0,0.0,0.0,0.0,3.98,4.06,3.93,4.02,4.26,4.052,4.015,4.001,3.991,3.581,3.592,3.549,3.605,3.605,3.575,3.629,3.617,3.329,1.559,0.0,0.0,0.0,0.0
1501,UNITED STATES VIRGIN ISLANDS,Food and beverage serving activities,0.0,0.0,0.0,0.0,0.0,2.1,2.29,2.3,2.256,2.36,2.455,2.511,2.523,2.547,2.493,2.803,2.959,2.787,2.765,2.809,2.765,3.17,2.765,2.42,0.0,0.0,0.0,0.0
1502,UNITED STATES VIRGIN ISLANDS,Passenger transportation,0.0,0.0,0.0,0.0,0.0,0.57,0.56,0.55,0.5,0.513,0.526,0.506,0.528,0.521,0.491,0.443,0.493,0.459,0.576,0.563,0.539,0.508,0.517,0.388,0.0,0.0,0.0,0.0
1504,UNITED STATES VIRGIN ISLANDS,Other tourism industries,0.0,0.0,0.0,0.0,0.0,2.01,2.11,2.13,1.603,1.59,1.662,1.561,1.726,1.624,1.473,1.478,1.468,1.442,1.257,1.224,1.226,1.135,0.721,0.726,0.0,0.0,0.0,0.0
1506,URUGUAY,Accommodation services for visitors (hotels and similar establishments),0.0,0.0,0.0,0.0,0.0,0.0,0.0,0.0,0.0,0.0,0.0,0.0,0.0,9.0333,9.777,12.2,11.9,9.8,13.1,11.9,11.9,13.3,12.75,12.15,11.1,0.0,0.0,0.0
1507,URUGUAY,Other accommodation services,0.0,0.0,0.0,0.0,0.0,0.0,0.0,0.0,0.0,0.0,0.0,0.0,0.0,6.369,6.269,7.0,7.2,6.3,7.5,9.8,10.0,9.5,9.67,9.6,9.9,0.0,0.0,0.0
1508,URUGUAY,Food and beverage serving activities,0.0,0.0,0.0,0.0,0.0,0.0,0.0,0.0,0.0,0.0,0.0,0.0,0.0,32.082,35.98,37.7,41.0,38.5,38.0,42.1,44.7,44.8,48.85,49.1,50.9,0.0,0.0,0.0
1509,URUGUAY,Passenger transportation,0.0,0.0,0.0,0.0,0.0,0.0,0.0,0.0,0.0,0.0,0.0,0.0,0.0,33.418,33.556,34.1,38.5,23.2,23.7,19.3,19.4,26.7,23.81,25.3,26.8,0.0,0.0,0.0
1510,URUGUAY,Travel agencies and other reservation services activities,0.0,0.0,0.0,0.0,0.0,0.0,0.0,0.0,0.0,0.0,0.0,0.0,0.0,2.072,1.946,2.6,2.7,3.8,3.4,3.5,3.0,3.5,4.17,3.8,4.2,0.0,0.0,0.0
1511,URUGUAY,Other tourism industries,0.0,0.0,0.0,0.0,0.0,0.0,0.0,0.0,0.0,0.0,0.0,0.0,0.0,39.02,39.301,40.0,45.7,14.2,14.2,22.5,20.4,15.2,14.1,15.2,23.5,0.0,0.0,0.0
1513,UZBEKISTAN,Accommodation services for visitors (hotels and similar establishments),0.0,0.0,0.0,0.0,0.0,0.0,0.0,0.0,0.0,0.0,0.0,0.0,0.0,0.0,0.0,0.0,0.0,0.0,0.0,40.6,40.7,43.3,47.7,47.6,48.3,0.0,0.0,0.0
1517,UZBEKISTAN,Travel agencies and other reservation services activities,0.0,0.0,0.0,0.0,0.0,0.0,0.0,0.0,0.0,0.0,0.0,0.0,0.0,0.0,0.0,0.0,0.0,0.0,0.0,1.7,1.8,2.0,1.9,2.4,2.9,0.0,0.0,0.0
1548,ZAMBIA,Accommodation services for visitors (hotels and similar establishments),0.0,0.0,0.0,0.0,0.0,0.0,0.0,0.0,0.0,0.0,0.0,0.0,0.0,0.0,0.0,0.0,0.0,44.292,57.337,57.003,57.347,58.801,57.347,57.899,58.124,72.136,0.0,0.0
1553,ZAMBIA,Other tourism industries,0.0,0.0,0.0,0.0,0.0,0.0,0.0,0.0,0.0,0.0,0.0,0.0,0.0,0.0,0.0,0.0,0.0,0.0,0.0,0.0,0.0,0.0,0.0,0.0,0.0,19.967,0.0,0.0
